# date, startedDateTime (AVG), startedDateTime (STD), TTFB (AVG), TTFB (STD), renderStart (AVG), renderStart (STD), onContentLoaded (AVG), onContentLoaded (STD), onLoad (AVG), onLoad (STD), fullyLoaded (AVG), fullyLoaded (STD), visualComplete (AVG), visualComplete (STD), PageSpeed (AVG), PageSpeed (STD), SpeedIndex (AVG), SpeedIndex (STD), rank (AVG), rank (STD), reqTotal (AVG), reqTotal (STD), reqHtml (AVG), reqHtml (STD), reqJS (AVG), reqJS (STD), reqCSS (AVG), reqCSS (STD), reqImg (AVG), reqImg (STD), reqGif (AVG), reqGif (STD), reqJpg (AVG), reqJpg (STD), reqPng (AVG), reqPng (STD), reqFont (AVG), reqFont (STD), reqFlash (AVG), reqFlash (STD), reqJson (AVG), reqJson (STD), reqOther (AVG), reqOther (STD), bytesTotal (AVG), bytesTotal (STD), bytesHtml (AVG), bytesHtml (STD), bytesJS (AVG), bytesJS (STD), bytesCSS (AVG), bytesCSS (STD), bytesImg (AVG), bytesImg (STD), bytesGif (AVG), bytesGif (STD), bytesJpg (AVG), bytesJpg (STD), bytesPng (AVG), bytesPng (STD), bytesFont (AVG), bytesFont (STD), bytesFlash (AVG), bytesFlash (STD), bytesJson (AVG), bytesJson (STD), bytesOther (AVG), bytesOther (STD), bytesHtmlDoc (AVG), bytesHtmlDoc (STD), numDomains (AVG), numDomains (STD), maxDomainReqs (AVG), maxDomainReqs (STD), numRedirects (AVG), numRedirects (STD), numErrors (AVG), numErrors (STD), numGlibs (AVG), numGlibs (STD), numHttps (AVG), numHttps (STD), numCompressed (AVG), numCompressed (STD), numDomElements (AVG), numDomElements (STD), maxageNull (AVG), maxageNull (STD), maxage0 (AVG), maxage0 (STD), maxage1 (AVG), maxage1 (STD), maxage30 (AVG), maxage30 (STD), maxage365 (AVG), maxage365 (STD), maxageMore (AVG), maxageMore (STD), gzipTotal (AVG), gzipTotal (STD), gzipSavings (AVG), gzipSavings (STD),totReqOther,totBytesOther,bytesPerRequest,bytesPerRequestHTML,bytesPerRequestJS,bytesPerRequestCSS,bytesPerRequestImg
2011-06-01T00:00:00,1306961569,21592.0119,45.41157895,222.0938352,2438.133684,2777.16262,0,0,8956,9644.343791,9354.407368,9928.833325,9062.105263,8419.359632,0,0,4644,4431.79277,0,0,45.26421053,48.30548278,4.128421053,5.269408499,6.901052632,8.283699844,2.366315789,3.168018159,30.25473684,37.28047822,10.87789474,17.2952636,12.72631579,24.18235203,6.432631579,9.163266966,0.032631579,0.311175058,0.015789474,0.312482687,0,0,1.565263158,3.521281717,381674.6074,447161.0761,43676.38211,66195.78692,79190.41579,94966.91637,19939.84526,35355.92871,231905.5453,353373.3484,28105.09053,71224.68202,150965.0726,288123.3795,50593.91474,128325.3475,1152.686316,10986.48648,414.2031579,7379.405588,0,0,5395.529474,48611.83639,26684.88211,52454.25068,7.756842105,7.009529643,24.10526316,25.15441729,2.128421053,4.014491202,0.109473684,0.697827257,0.110526316,0.404442094,1.152631579,6.362792206,9.594736842,12.21228776,0,0,0,0,18.44421053,25.55404064,8.262105263,17.14470106,9.618947368,22.97935135,6.373684211,19.61493368,2.565263158,10.23767314,0,0,0,0,1.613684211,6962.418948,8432,10579,11475,8426,7665
2011-06-15T00:00:00,1308182937,22231.11634,45.96214511,222.899931,2401.219769,2402.800548,0,0,8853.958991,9751.034972,9271.874869,10130.56051,9159.831756,8915.168938,0,0,5596.771819,4707.915543,0,0,45.23764458,48.88709166,4.106203996,5.372386597,6.768664564,8.261187565,2.374342797,3.233749141,30.48685594,38.11383119,10.88748686,17.21066848,12.75814932,24.90854723,6.698212408,9.255480484,0.030494217,0.279167434,0.010515247,0.233599475,0,0,1.460567823,2.896437366,387190.7014,463589.6115,42807.99369,76417.36829,81310.96951,102480.3399,20738.76866,35042.25888,236383.8854,367480.1134,29407.15668,73121.08261,149948.5184,296794.4954,55881.92219,136651.9117,964.5709779,8735.423063,258.9684543,6399.035432,0,0,4725.54469,33136.221,27688.13249,66781.86487,7.705573081,7.028674966,24.46687697,26.63652424,2.075709779,3.741734515,0.083070452,0.384283011,0.110410095,0.411974982,1.166140904,6.393654002,9.350157729,12.18359369,0,0,0,0,18.20925342,24.43810953,8.476340694,18.12612715,9.851735016,24.13971109,6.256572029,19.43571453,2.443743428,10.39416342,0,0,0,0,1.501577287,5949.084122,8559,10425,12012,8734,7753
2011-07-01T00:00:00,1309541525,22387.70986,34.05750799,174.663318,2341.734824,2311.102446,0,0,8882.556976,9942.666912,9319.300319,10332.25203,9289.669862,9333.668589,0,0,5428.956337,4474.994182,0,0,44.97657082,48.26806012,4.14057508,5.427559941,6.809371672,7.610798724,2.315228967,3.085693434,30.18636848,38.26406742,10.46751864,15.81461287,12.78594249,25.44462915,6.779552716,9.545550648,0.038338658,0.324077799,0.009584665,0.156212282,0,0,1.477103301,2.848361022,404091.8456,451471.415,49190.6869,86339.2386,91710.68371,104560.4359,21245.6017,37930.93251,234976.3248,359295.1904,28071.16507,63319.60851,150257.2822,293348.8059,55420.92332,133992.2288,1429.463259,11908.65802,550.6027689,13433.74715,0,0,4988.482428,33930.12015,28853.59744,51572.37636,7.809371672,6.909646413,24.47923323,26.27823488,2.020234292,3.553728119,0.099041534,0.817662541,0.110756124,0.408223982,1.216187433,6.650975727,9.342917998,11.18446266,0,0,0,0,17.90841321,24.52136326,8.502662407,18.22608995,9.659211928,23.14875146,6.510117146,20.3001087,2.396166134,10.57538617,0,0,0,0,1.525026624,6968.548456,8984,11880,13468,9176,7784
2011-07-15T00:00:00,1310770392,24492.99038,40.39465241,205.9024102,2416.31123,2716.302808,0,0,8635.609626,9185.872147,9059.544385,9585.549122,8979.679144,8446.789341,0,0,5403.850267,4406.3168,0,0,44.40213904,48.02404473,4.111229947,5.521996082,6.789304813,7.885917391,2.337967914,3.126085204,29.55508021,37.3288166,10.18609626,15.89603991,12.34652406,24.41897496,6.865240642,9.81154075,0.038502674,0.324760551,0.009625668,0.23335124,0,0,1.560427807,3.345095513,394840.5294,450630.5872,47732.60428,83098.36468,90564.0631,103569.0877,20419.40963,36884.96151,229856.3134,353061.2789,26838.97112,61850.49784,147730.4257,289180.4487,54088.80963,127135.6104,1446.579679,11943.71474,843.8427807,21740.44549,0,0,3977.716578,18298.24912,27197.83957,49759.49479,7.905882353,7.264426373,23.87272727,25.79652703,2.119786096,3.852714018,0.071657754,0.381663864,0.115508021,0.425805476,1.210695187,6.710156166,9.418181818,11.42571876,0,0,0,0,17.61390374,23.75497965,8.014973262,16.71381607,9.696256684,23.48779947,6.668449198,20.44450475,2.40855615,10.30600944,0,0,0,0,1.608556149,6268.139038,8892,11610,13339,8733,7777
2011-08-01T00:00:00,1312240852,27530.97764,39.03957219,172.108073,2825.525134,2550.234314,0,0,10383.9123,11231.24636,10119.10802,11382.75933,10073.79679,10104.26436,0,0,5527.71123,4450.699963,0,0,44.20962567,48.71796947,4.048128342,5.471445979,6.680213904,7.798490458,2.315508021,3.001234173,29.62994652,38.40902804,9.570053476,16.62937165,11.85989305,24.58460555,6.332620321,9.64955764,0.043850267,0.344866306,0.011764706,0.267431011,0,0,1.480213904,2.94247594,406819.2235,481123.2781,48615.8,99092.57409,91509.14973,107068.8688,21153.24599,37993.724,238421.9872,377561.6203,29263.95615,105348.2075,141878.0759,289570.5446,51950.37647,133540.3045,1588.912299,12291.54275,206.7935829,5303.793308,0,0,5323.334759,45951.70255,27091.46952,53238.04475,7.698395722,6.958774524,22.55614973,26.48334765,1.935828877,3.705776634,0.062032086,0.303988001,0.105882353,0.416912059,1.132620321,6.326377602,8.454545455,10.14071152,0,0,0,0,16.22139037,23.33557043,7.438502674,16.41566403,9.23315508,23.95006329,6.444919786,20.57673556,2.17540107,9.178982865,0,0,0,0,1.535828877,7119.040641,9202,12009,13698,9135,8046
2011-08-15T00:00:00,1313488911,27764.90172,39.54354669,174.5303891,2888.924449,2513.539086,0,0,10483.12172,11102.09304,10844.08604,11315.71321,10853.09549,10485.75876,0,0,5839.496327,4307.713129,0,0,44.58866737,48.15856502,4.339979014,5.977910264,6.95383001,8.026318757,2.405036726,3.226278483,29.27701994,36.92385839,10.19832109,16.2919816,12.22560336,23.91885757,6.750262329,9.657218561,0.054564533,0.376601365,0.008394544,0.19950843,0,0,1.549842602,3.164248488,403701.1878,460930.7762,51948.65268,133865.3488,93283.50787,105618.9088,22447.70724,47534.34055,229359.4124,348932.9153,27867.81322,77363.81712,144002.8017,279299.0576,56855.30325,134594.3954,2017.380902,13897.99841,137.0010493,3631.409512,0,0,4507.525708,20624.72365,30024.69885,74045.08348,7.92339979,7.351425056,23.81741868,25.91450612,2.226652676,4.156568907,0.093389297,0.479034041,0.11752361,0.430765145,1.317943337,6.910510508,9.475341028,11.43234447,0,0,0,0,18.37250787,25.24313585,7.685204617,16.13497506,9.896117524,23.7932842,6.140608604,18.46471234,2.494228751,10.25325778,0,0,0,0,1.612801679,6661.907659,9053,11969,13414,9333,7834
2011-09-01T00:00:00,1315042467,98837.88998,44.1997897,183.2333731,2647.437434,2211.294514,0,0,10106.66877,10658.91031,10432.29758,10827.47552,10457.41325,9935.1221,0,0,5579.462671,3856.628558,0,0,45.05783386,48.51636708,4.324921136,5.652446998,6.998948475,7.87607746,2.444794953,3.168066833,29.63932702,37.73376893,10.04626709,16.42770749,12.54153523,24.8134175,6.953732913,9.903953275,0.060988433,0.38975129,0.006309148,0.112153873,0,0,1.58254469,3.159494935,413384.8065,471357.4639,48340.66667,88608.80989,97484.44374,110807.0171,23039.46898,47562.01235,237336.8275,362934.7338,28233.72976,79552.20347,148269.0242,282873.4791,60059.40484,145569.6955,2396.643533,15612.36255,159.6498423,3340.099556,0,0,4627.106204,23549.7103,29239.99369,67942.58603,8.083070452,7.338047245,23.42166141,24.5439136,2.117770768,3.68970057,0.07360673,0.403517042,0.132492114,0.503725337,1.532071504,6.698617324,9.782334385,11.6769495,0,0,0,0,18.11882229,25.47082563,7.921135647,16.19450275,10.19453207,25.14849718,6.560462671,18.70677698,2.262881178,9.445303258,0,0,0,0,1.649842271,7183.399579,9174,11177,13928,9423,8007
2011-09-15T00:00:00,1316113153,16079.65385,0,0,2517.632184,2616.25943,0,0,9012.268548,9024.601822,9393.588297,9309.894782,9149.425287,8209.357773,0,0,5170.950888,3645.958676,0,0,44.53709509,47.8208291,4.419017764,5.708247519,6.903866249,7.500411392,2.380355277,3.093720792,29.26436782,37.20861176,9.796238245,15.3954921,12.5015674,24.90855266,6.872518286,9.812902135,0.062695925,0.401457955,0.008359457,0.199091784,0,0,1.498432602,3.122582266,376894.3793,467651.0746,26931.64786,42439.01525,83118.68966,87320.33677,17716.23615,34643.8453,241672.1066,391072.7353,28206.81296,93836.66175,152483.6938,310376.2209,60217.03135,147974.3108,2364.787879,15497.54195,268.7889237,5824.409182,0,0,4822.122257,25199.69985,16305.31557,28205.39952,8.149425287,7.353986698,23.09822362,24.59062456,2.141065831,3.683104994,0.094043887,0.546228687,0.132706374,0.498845365,1.490073145,6.627509536,9.576802508,10.35925247,0,0,0,0,18.05015674,25.29309058,7.694879833,15.79759994,9.921630094,24.08208538,6.578892372,18.31522694,2.29153605,9.588593746,0,0,0,0,1.569487984,7455.69906,8462,6094,12039,7442,8258
2011-10-01T00:00:00,1317463010,15279.7113,0,0,2716.329886,2120.909393,0,0,9891.015512,9640.630385,10344.61841,9935.069873,10191.31334,8895.556624,0,0,5701.923475,3833.585892,0,0,47.29782834,47.99045736,4.906928645,6.08536512,7.160289555,7.580396745,2.32885212,3.037413214,31.22957601,37.51366568,10.37228542,15.79934866,13.05377456,24.48119815,7.681489142,11.10483552,0.066184074,0.403915965,0.004136505,0.078661594,0,0,1.601861427,3.154045128,398175.8521,453314.4714,27408.64116,46066.17116,87857.53981,89771.6094,18489.57394,37509.70529,256745.516,372466.6476,29167.10031,77502.56055,161723.7684,303331.5217,65073.93692,146078.0028,2834.851086,18976.15825,51.2926577,1078.333991,0,0,4788.437435,27389.20236,16095.72389,27070.10331,8.686659772,7.572200416,24.70320579,25.6646059,2.331954498,3.945130729,0.082730093,0.42098716,0.138572906,0.487094281,1.614270941,6.615853469,10.12099276,11.69461661,0,0,0,0,19.10134436,25.8345317,8.589451913,18.4223127,10.63702172,25.62915857,6.679420889,18.44420919,2.290589452,9.698097574,0,0,0,0,1.672182006,7674.581179,8418,5585,12270,7939,8221
2011-10-15T00:00:00,1318672428,14502.13165,0,0,2625.308761,2233.41223,0,0,9790.699786,10325.72182,10268.73932,10700.78694,9854.700855,9029.405861,0,0,5470.758547,3979.922255,0,0,46.01175214,47.25054686,4.830128205,5.973408881,6.976495726,7.412991232,2.297008547,2.85051945,30.18696581,36.37292422,9.976495726,15.26704886,12.58119658,24.15463514,7.510683761,10.35037331,0.060897436,0.399691182,0.00534188,0.086313943,0,0,1.65491453,3.52092909,390862.5855,444070.9387,27417.00534,43787.09778,90709.78632,92890.27453,18132.08654,36424.03945,247373.8889,362977.6156,28458.49145,76457.64496,154193.7981,286835.7116,63767.77885,144042.9516,2385.869658,15457.30226,116.2104701,2062.101549,0,0,4727.738248,24630.60115,16597.76068,29525.07547,8.608974359,7.754161043,23.8974359,24.19839107,2.283119658,3.953519109,0.104700855,0.621670032,0.202991453,0.712698933,1.602564103,6.158358388,9.841880342,11.00672863,0,0,0,0,18.75213675,24.920954,8.045940171,15.38519048,10.16346154,24.81155452,6.735042735,18.51669063,2.31517094,9.904243704,0,0,0,0,1.721153846,7229.818376,8494,5676,13002,7893,8194
2011-11-01T00:00:00,1320236834,52200.57466,0,0,2803.682094,2230.123303,0,0,10310.12837,10733.58016,10775.02149,11112.32056,10242.97521,9408.976663,0,0,5662.968044,3804.898081,1001.473829,576.8908909,54.22038567,54.60109206,5.319008264,7.119766232,8.18677686,8.89273956,2.567493113,3.015066126,36.37906336,42.96089069,11.72892562,17.39552255,16.04958678,29.60181605,8.448484848,12.11376135,0.068870523,0.472022309,0.011570248,0.262176759,0,0,1.687603306,3.59796936,486322.6804,598781.834,31673.56088,50354.91887,98138.07934,102875.3159,20723.03691,35222.53818,325585.5956,508849.1333,37511.02039,102020.1163,213717.6253,438904.5586,72566.83581,164386.2332,4545.461708,67964.86488,262.076584,5475.997372,0,0,5394.869421,26417.49707,18536.67273,31258.6114,8.990082645,7.970393615,29.84738292,32.50360205,2.508539945,4.968751811,0.141046832,1.174075338,0.256198347,0.765606322,1.460606061,5.155912562,11.23856749,13.91504527,0,0,0,0,22.37961433,30.13528218,11.27933884,25.90326756,10.89090909,25.92424225,6.635261708,19.58557606,3.035261708,13.18634704,0,0,0,0,1.768044077,10202.40771,8969,5954,11987,8071,8949
2011-11-15T00:00:00,1321398326,39324.77814,0,0,2988.786153,2745.700241,0,0,11624.74819,12542.24782,12082.81854,12696.41821,11224.45561,10651.83666,0,0,6103.929648,4441.565101,0,0,53.41038526,53.43225419,5.203238414,6.575593216,8.08654383,8.631470399,2.515354551,3.063566978,35.8548297,42.26832117,11.70240089,17.24582309,15.56393076,29.08765733,8.436069235,11.08437842,0.06588498,0.394140197,0.011166946,0.298681881,0,0,1.673366834,3.32292509,487017.1106,603856.3784,32338.82077,52986.67427,99263.41262,101607.4959,20367.12339,35116.71531,324660.4143,515563.5141,37875.76605,115218.3746,211018.2557,432621.5057,74265.96482,171686.4434,4582.086544,70518.95413,361.4963707,9592.461359,0,0,5443.756561,27617.88887,18243.68956,30937.35754,8.983249581,7.860860699,29.48855388,31.54440398,2.425460637,4.01781342,0.129536572,1.099197087,0.254048018,0.80388787,1.514237856,5.542253659,11.01228364,12.15564724,0,0,0,0,22.17364601,28.92809581,11.12841988,24.89657516,10.9787828,26.27957316,6.158570631,18.08798778,2.970965941,12.81950658,0,0,0,0,1.75041876,10387.33948,9118,6215,12275,8097,9054
2011-12-01T00:00:00,1322772538,20451.39797,0,0,2981.304819,2919.058512,0,0,9412.459664,11846.1038,9714.69464,12045.13534,8907.417434,9477.502166,0,0,5328.834867,4245.673724,1015.252842,572.8368973,56.27016784,56.12473629,5.299945858,7.342713849,8.510016243,8.977550196,2.711423931,3.127258379,38.16025988,45.21684841,11.75582025,17.9838837,17.45804006,32.01012037,8.805089334,11.48049433,0.06930157,0.394280577,0.012452626,0.279911802,0,0,1.506767731,3.351430648,522330.1159,631343.0559,34795.37737,64840.48948,99479.45317,107270.157,22650.06226,41269.31749,356764.9377,541551.6117,39483.25447,103115.2169,236102.8917,468886.523,79195.51597,175188.6193,2643.214402,20536.09921,415.7780184,9371.124759,0,0,5581.292907,26064.66561,18887.56091,30468.88791,9.135354629,7.848530923,31.11207363,32.88306628,2.629128316,4.651990329,0.159718462,1.989126241,0.236599892,0.715519752,1.595560368,5.268784354,11.87980509,14.31529327,0,0,0,0,22.31618841,31.27170472,12.38278289,27.27170209,11.30481862,25.55609335,6.805630753,20.42773815,3.460747158,17.29518406,0,0,0,0,1.588521927,8640.285327,9282,6565,11689,8353,9349
2011-12-15T00:00:00,1323959400,21574.63416,0,0,2861.428805,3053.165034,0,0,9667.015821,12791.20015,9910.662302,12876.97827,8805.78287,9789.460099,0,0,5189.688489,4283.651151,1018.567921,570.5573618,56.03818876,58.06732424,5.284233497,6.991496446,8.482269504,9.048022265,2.713038734,3.159952831,37.9787234,47.30611027,11.42880524,17.82243997,17.4386252,33.78121373,8.955264594,11.64655733,0.075286416,0.42533673,0.006001091,0.149437914,0,0,1.498636116,3.187044713,535560.5128,713746.7523,40959.15657,265562.0774,101029.533,110950.4339,23187.98963,44701.93327,361202.018,563518.1857,36221.26896,90499.46486,236832.156,472512.7698,85936.96017,217704.631,2821.881615,22404.04593,315.1363884,8720.512427,0,0,6044.7976,29022.00163,19046.15985,31182.48057,9.16639389,8.084396948,30.97272231,34.26680907,2.673758865,4.374884165,0.120021822,1.102394161,0.249863612,0.734751319,1.627932351,5.284396834,11.93016912,14.58913685,0,0,0,0,22.17839607,31.26589647,12.71412984,28.99666256,11.09601746,25.35253996,6.823240589,20.5025078,3.226404801,16.7909232,0,0,0,0,1.579923623,9181.815603,9557,7751,11910,8546,9510
2012-01-01T00:00:00,1325474338,55487.56863,0,0,3009.791215,2877.425649,0,0,9718.456074,12405.83852,8183.834599,12012.0959,7278.199566,9195.758584,0,0,4372.218004,4249.48448,1014.522777,572.9326156,55.14479393,57.28820439,5.137744035,6.713255133,8.338394794,8.7693029,2.699023861,3.125012646,37.42353579,46.87878528,11.11605206,17.44829929,17.3345987,33.8311213,8.802603037,11.57260743,0.072668113,0.411509096,0.007592191,0.186143807,0,0,1.465835141,3.217769233,525663.5184,666359.0305,33030.17299,50791.59287,100369.1437,109912.0173,23266.218,45064.41178,360426.2061,576644.4196,35781.42462,96934.3153,240699.3693,500222.4372,81943.14371,186619.1234,2724.398048,22115.45745,133.1729935,3122.039597,0,0,5714.206616,27006.03588,18798.80857,30722.77247,8.971800434,7.825805996,30.43329718,33.32693825,2.646420824,4.942042969,0.120390456,1.351722874,0.247288503,0.762899354,1.547180043,5.119128314,11.76247289,13.97503125,0,0,0,0,21.31724512,30.34047049,12.13557484,28.07180236,11.35845987,25.62879577,6.934381779,21.42887975,3.365509761,17.10037432,0,0,0,0,1.546095445,8571.777658,9532,6428,12036,8620,9631
2012-01-15T00:00:00,1326669536,43072.47825,0,0,2958.295935,2844.768321,0,0,9632.996206,12327.63835,9911.623306,12530.00539,8925.203252,9654.623225,0,0,5308.118157,4271.019729,1015.866125,571.8163481,55.46233062,57.00672062,5.222222222,6.641288643,8.454200542,9.084707659,2.671544715,2.913472685,37.50840108,45.82562164,11.07154472,17.19262078,17.33224932,33.13911984,8.888888889,11.82469563,0.079132791,0.446878128,0.009214092,0.187471205,0,0,1.517615176,3.381656039,526938.0612,670628.4585,33911.73333,53313.58395,101532.8856,112964.8168,23453.76802,45022.25733,358903.9843,578723.9278,35828.6336,106485.6349,243266.5301,509733.8581,77110.35014,172829.6402,3001.976152,23206.3591,410.399458,9383.969309,0,0,5723.314363,26568.81347,18705.42656,29975.55891,9.2,8.179662797,30.19349593,32.36869177,2.670460705,4.452923896,0.105691057,0.522859681,0.250948509,0.770320329,1.58102981,5.321996897,11.86341463,14.52991644,0,0,0,0,21.63902439,30.57499191,11.97560976,26.92456493,11.35555556,25.81546726,6.864498645,21.11191144,3.566395664,18.71177935,0,0,0,0,1.605962059,9135.689973,9500,6493,12009,8779,9568
2012-02-01T00:00:00,1328142520,40070.95928,0,0,3058.139447,2795.170864,0,0,9566.513294,11699.44469,9670.07325,11987.3274,8856.212697,9559.957193,0,0,5268.848616,4229.803233,1015.117743,573.9603597,55.87140532,57.87098362,5.034183397,6.235252659,8.439500814,9.067780109,2.659793814,2.911955516,38.16223549,47.56501956,10.9234943,17.33917204,17.47639718,34.8864037,8.579489962,11.359921,0.085187195,0.474885034,0.009224091,0.193271504,0,0,1.481280521,3.107593502,544356.6283,713542.1427,33691.01139,54331.11642,103667.4976,116085.8442,23320.37927,46731.36729,374201.7119,626177.319,35929.9745,94179.48847,249369.6305,554299.1368,74741.93543,154957.1784,3205.177428,21939.30905,385.1795985,9094.859485,0,0,5885.671188,26946.11861,18634.34183,33114.00848,9.020618557,8.025232065,29.93163321,33.36853673,2.455236028,3.824915957,0.112859468,1.093691581,0.254476397,0.814828181,1.593597396,5.506992765,11.71242539,14.71884426,0,0,0,0,20.8133478,29.48422416,11.95170917,28.71532873,11.25935974,25.75174718,6.883342377,21.35890648,3.558328812,18.9738158,0,0,0,0,1.575691807,9476.028215,9743,6692,12283,8767,9805
2012-02-15T00:00:00,1329351820,40820.6168,0,0,2948.148509,2903.889244,0,0,9753.233062,12265.71178,10070.52195,12478.85724,8865.04065,9230.425568,0,0,5245.20271,4158.82967,1015.088347,570.7453153,55.07696477,57.81431388,4.975067751,6.352468019,8.43902439,8.942647439,2.67696477,2.888484848,37.36422764,47.14063167,10.7300813,16.17726298,17.69864499,35.67336345,8.692140921,11.21461339,0.096476965,0.478721819,0.007588076,0.174053798,0,0,1.517615176,3.266208488,532413.0439,669175.5807,33680.48184,56424.6261,106136.1355,119434.2267,22924.84986,43835.71672,359962.6629,572986.8397,33520.39675,83359.48971,241533.3084,501726.3043,80527.91057,160605.1266,3706.921951,24532.86634,611.6287263,16188.4915,0,0,5390.363144,26192.37759,18219.33875,29973.198,9.157181572,8.171416151,30.09214092,32.49505558,2.524119241,3.920633811,0.111111111,0.504839572,0.274254743,0.724793999,1.711653117,6.321152148,11.95121951,14.66203936,0,0,0,0,21.33062331,29.10331396,11.73387534,27.55752134,11.71544715,27.61939943,6.745799458,18.94387345,3.551219512,18.59647677,0,0,0,0,1.621680217,9708.913821,9666,6769,12576,8563,9633
2012-03-01T00:00:00,1330646062,40025.88014,0,0,2850.857763,2845.104952,0,0,9217.098263,11857.10421,9477.551574,11993.06348,8325.190011,8621.180996,0,0,5021.442997,3924.254544,1018.824647,572.4959413,54.51302932,56.32272925,4.840933768,6.048410995,8.516829533,9.166335349,2.663409338,2.881604559,36.90065147,45.83092671,10.69978284,16.25076595,17.25298588,34.02094351,8.755700326,11.33834752,0.096091205,0.486512918,0.009229099,0.219617555,0,0,1.485884908,3.220129836,533215.3138,672034.6085,33810.87405,58476.36507,105710.9604,116363.6462,22658.09012,42720.62556,362071.354,575790.4372,33628.96091,96701.67481,243435.6629,507131.7402,83024.15147,175096.9634,3569.578176,23490.70055,121.6275787,2889.306488,0,0,5272.829533,23648.94612,18178.82193,29451.74064,9.080890337,8.088508334,30.09717698,32.10086578,2.488599349,3.934470054,0.149837134,1.343469537,0.270901194,0.743345544,1.645494028,6.192948408,11.84581976,14.31156743,0,0,0,0,21.10152009,28.43702698,12.04180239,28.18792394,11.22801303,26.56861964,6.643322476,18.9348082,3.498371336,18.47154244,0,0,0,0,1.591205212,8964.035288,9781,6984,12412,8507,9812
2012-03-15T00:00:00,1331861457,40604.88726,0,0,2911.229473,2631.718534,0,0,9608.137575,12343.20618,9915.876563,12563.32497,8808.047852,9350.153052,0,0,5178.408918,4109.653217,1017.042958,571.2519367,54.58890701,56.88023542,4.822729744,5.915124249,8.587275693,9.213843471,2.668841762,2.869968314,36.84121805,46.27350679,10.78520935,16.90426869,17.09407287,33.82913537,8.679717238,11.18319336,0.107123437,0.551776351,0.013594345,0.260359209,0,0,1.54812398,3.244394591,541394.696,695124.7494,34079.95106,54806.74511,109238.6498,118901.8783,23330.03643,43530.45455,365362.5829,602587.0663,34330.60903,97186.51562,240414.1283,509212.9409,86027.47091,192522.4516,4043.154976,27154.82663,315.6503535,7155.630663,0,0,5024.670473,19677.55752,18750.05818,32149.63214,9.141381185,8.168802338,29.99293094,32.89980925,2.528548124,3.901886106,0.10331702,0.511089511,0.291462751,1.346813847,1.672648178,5.991426456,11.85209353,14.17542868,0,0,0,0,21.07993475,30.37304092,11.83034258,27.26285427,11.38825449,25.94896889,6.838499184,19.89413299,3.406742795,18.01907871,0,0,0,0,1.668841762,9383.475803,9917,7066,12720,8741,9917
2012-04-01T00:00:00,1333349077,57559.44056,0,0,2745.816722,2616.517656,0,0,9721.550388,13064.6626,10048.32115,13340.20617,8525.470653,9382.493782,0,0,4968.528793,3865.807833,1025.89701,570.4556721,52.80177187,52.49216065,4.721483942,5.537994529,8.483388704,8.83085179,2.686046512,2.930062265,35.28959025,41.88104459,10.3200443,15.70405662,16.14950166,30.61103126,8.564784053,11.0039236,0.109634551,0.540851815,0.007751938,0.188088645,0,0,1.503875969,3.206744076,532393.9934,676307.8494,32527.62237,49481.37889,110672.5504,125936.4709,23148.0969,43490.97986,356698.4031,581178.1398,34822.66002,125267.5013,230916.1268,467852.3566,85853.48394,204292.3858,4301.864895,27980.99611,115.576412,2760.799102,0,0,4929.879291,20897.68723,17584.17331,27584.76667,9.049833887,8.113996594,29.45293466,30.51811273,2.50110742,3.892058088,0.110188261,0.536111536,0.290697674,1.238989988,1.642303433,5.616230238,11.68770764,13.96808312,0,0,0,0,20.62015504,27.40069583,11.29568106,25.36224933,11.18604651,25.54846315,6.400332226,19.21910675,3.253599114,16.27306867,0,0,0,0,1.621262458,9347.320598,10082,6889,13045,8617,10107
2012-04-15T00:00:00,1334535992,39560.71375,0,0,2689.02051,2535.32557,0,0,8963.7949,11534.09838,9255.853104,11760.18978,8247.782705,8744.470573,0,0,4895.767184,3524.679403,1020.567073,576.80508,53.63192905,53.30619829,4.808203991,5.637990719,8.481707317,8.922131615,2.675720621,2.883289319,36.13303769,42.8369522,10.31651885,15.64720294,16.74168514,32.01566989,8.847006652,11.70753576,0.106430155,0.530429589,0.007206208,0.186736352,0,0,1.41962306,3.049421571,548863.1275,711318.7023,33361.23004,53015.09178,109146.6524,118574.6395,22843.68625,39904.95534,370338.2871,604473.6821,34295.898,107061.1385,245321.3337,506441.6833,87196.7051,205357.894,4260.482262,28280.3866,116.7034368,2918.078813,0,0,8796.08592,151369.4412,18064.73614,28185.53322,9.152439024,8.304657659,29.68348115,29.64842278,2.511086475,4.042510956,0.106430155,0.532515581,0.251662971,2.137427144,1.537694013,5.503397298,11.74445676,14.1914998,0,0,0,0,20.43348115,26.35304206,10.98392461,24.93988931,11.45066519,26.43437896,7.307095344,20.42291045,3.456762749,18.65472286,0,0,0,0,1.533259423,13173.27162,10233,6938,12868,8537,10249
2012-05-01T00:00:00,1335957578,67853.48025,0,0,2981.998357,3161.745659,0,0,10287.44743,13068.21016,10684.22782,13422.18084,9472.617744,10511.53674,0,0,5427.144578,4583.288717,1018.31161,572.5318559,53.08762322,51.75715252,4.931544359,6.30697223,8.45837897,8.812434484,2.571193866,2.722190343,35.51807229,40.62083851,10.35870756,16.02958052,16.43483023,29.15968748,8.546549836,10.84609406,0.11007667,0.536138984,0.008214677,0.202499145,0,0,1.490142388,3.378490249,536134.5876,663107.7829,33231.53943,56158.53028,110358.4869,120549.1925,23019.50548,42051.14336,358992.7426,559071.8795,35103.05531,127042.1202,239794.3921,477999.2605,82102.06572,178674.0689,4434.023001,28679.43477,134.0646221,3010.249103,0,0,5964.22563,42739.07169,17989.59146,27893.15503,9.19441402,8.319601125,29.46276013,30.20929156,2.596933187,4.477725254,0.097480832,0.477677163,0.221248631,0.692873895,1.583789704,5.81890262,11.86035049,14.13116055,0,0,0,0,20.45618839,26.9782172,10.75958379,24.16486203,11.12814896,25.16549835,7.340087623,20.7463137,3.403614458,14.40867179,0,0,0,0,1.608433735,10532.31325,10099,6738,13047,8952,10107
2012-05-15T00:00:00,1337185901,75937.24417,0,0,2960.889858,2824.973335,0,0,9855.014177,12268.15928,10201.38441,12526.50953,8994.002181,9394.15971,0,0,5309.733915,4142.992795,1018.075791,572.2564343,54.66357688,56.22293328,4.955288986,6.274193466,8.770992366,9.297571146,2.610687023,2.688684489,36.71264995,45.37723601,10.49236641,16.86970391,17.23227917,33.14499267,8.827699019,11.13399974,0.116684842,0.555054815,0.011995638,0.277997293,0,0,1.485278081,3.300813035,551570.0763,698207.7949,33508.45692,49375.67428,112499.9924,126945.7048,22715.55125,37096.28462,372764.4771,605760.7362,33694.87623,102402.2874,249917.5104,508392.2145,85530.38604,199246.7877,5026.020174,35453.60823,338.3342421,8054.70342,0,0,4717.244275,17766.85022,17851.21265,28869.25893,9.384950927,8.490299316,29.8565976,32.80218366,2.584514722,4.462457,0.128135224,1.265878048,0.276990185,2.171151314,1.630861505,5.871631763,12.17993457,14.5118051,0,0,0,0,20.94656489,30.58727937,11.2431843,25.95135895,11.57579062,26.07898377,7.432388222,20.6199197,3.461286805,18.05758013,0,0,0,0,1.613958561,10081.59869,10090,6762,12826,8700,10153
2012-06-01T00:00:00,1338801406,125444.766,0,0,2793.624157,2581.987477,0,0,9426.805641,11851.04783,2188.578173,7376.296216,1840.588596,5208.854005,0,0,1117.099939,2898.902643,972.421214,550.8322713,53.25567137,53.42433572,4.811158798,5.94311048,8.642550582,9.244436144,2.590435316,2.858872492,35.66584917,42.99640588,9.470876763,14.33697904,17.11036174,33.59564195,8.8908645,11.5658903,0.128142244,0.593350787,0.011036174,0.237245264,0,0,1.40649908,3.147653073,538229.2305,671714.6632,33578.73574,53764.39203,111390.5359,120552.6562,22975.83262,38909.02989,360660.9418,578758.5605,28678.17535,73750.99375,245913.6812,515579.2945,82631.26242,166346.9975,4801.608216,28522.09101,174.7044758,3468.669593,0,0,4646.871858,18671.2601,17568.86634,28196.27312,9.269160025,8.366704279,28.79092581,30.04778236,2.585530349,4.716735049,0.120171674,1.240153457,0.290619252,2.294429379,1.830165543,7.36738283,11.92519926,13.86014215,0,0,0,0,20.39301042,27.66867428,10.93071735,25.01039846,11.11526671,25.6437214,7.169221337,20.17846943,3.647455549,19.14147988,0,0,0,0,1.545677498,9623.18455,10106,6979,12888,8869,10112
2012-06-15T00:00:00,1339892843,113268.6782,0,0,3117.952928,3295.275675,0,0,9965.995621,11753.49733,10393.12534,12198.17987,8937.602627,8586.68687,0,0,5518.941981,4402.912375,1018.540777,573.7753269,54.35303777,56.68677944,4.927203065,5.883996181,8.804597701,9.331375627,2.616858238,2.886637653,36.41598248,46.06490895,10.12862616,16.29142059,17.12753147,34.48929365,8.982484948,11.86153095,0.141215107,0.59626942,0.012041598,0.262336649,0,0,1.435139573,3.258357453,564213.422,712827.3643,33765.80405,52145.70733,114817.7843,126826.178,23783.95457,40488.33571,381288.7696,617320.2595,36247.99672,133783.7636,250628.1352,523975.6627,90698.55774,192502.4313,5321.410509,29526.89663,207.1636563,3758.214815,0,0,5028.535304,22417.56308,17828.48714,28408.13483,9.372194855,8.44295412,29.63765736,33.01350779,2.611384784,4.502148316,0.086480569,0.444103908,0.255062945,1.253160355,1.738368911,6.879562091,12.32840722,15.13202174,0,0,0,0,20.88560482,29.89231807,11.36234264,27.66038595,11.33552271,25.9964349,7.388615216,20.62788462,3.380952381,18.41887577,0,0,0,0,1.588396278,10557.10947,10380,6852,13040,9088,10470
2012-07-01T00:00:00,1341250684,42297.14762,0,0,1970.61154,2087.481902,0,0,5863.699639,7580.892411,6152.902628,7999.278747,5970.118496,6290.669508,0,0,3759.535806,3067.341424,997.8995363,577.1458909,53.55641422,57.39288153,5.051004637,6.720517331,8.72179289,9.400082436,2.513652756,2.752441491,35.6264812,46.06698413,9.873776404,16.25958403,16.79907264,34.29578314,8.781555899,11.50600452,0.14064915,0.615196019,0.007727975,0.155417505,0,0,1.495105616,3.336464539,555801.6115,715431.8514,33690.30088,55026.92143,117291.0917,133556.0431,23008.83359,39822.56887,370661.2406,612349.2582,32951.11953,110023.3934,243653.7795,500756.047,91763.21072,234321.1119,5368.643998,30617.12409,159.3343637,2959.693795,0,0,5622.166409,32735.53623,17769.14271,32967.64712,9.476558475,9.019647208,28.91138588,33.48533677,2.744976816,5.357048808,0.102524472,0.565447501,0.252962391,1.689253768,1.748583205,6.69268398,12.2797527,15.22341086,0,0,0,0,20.97166409,30.88009619,10.79031427,26.26794578,11.17465224,25.67220739,7.018547141,19.62703941,3.601236476,19.3102781,0,0,0,0,1.643482741,11150.14477,10377,6670,13448,9153,10404
2012-07-15T00:00:00,1342420517,43293.86083,0,0,1980.88305,2321.169235,0,0,5980.408552,7770.358737,6258.996394,8174.025203,6087.58372,6613.457576,0,0,3772.972179,3180.688036,995.3364245,575.3734299,54.10303967,58.71738033,5.307058217,8.028253602,8.80319423,9.430316579,2.53735188,2.751660263,35.68469861,46.47898727,9.863987635,16.45505162,16.9067491,34.9433937,8.703760948,10.87071376,0.142194745,0.628514539,0.011334364,0.210187037,0,0,1.617207625,4.583676504,571520.6636,729454.3854,36358.17362,138861.4034,119707.5477,132244.4808,22888.40958,38087.00339,379311.0943,611034.5975,34682.80526,116294.4202,245866.0113,512041.85,94963.79547,236038.0753,5557.750129,31572.63843,211.5450799,3493.322913,0,0,7486.143225,62229.24911,17024.43637,27070.47925,9.643997939,9.182701144,28.59144771,32.40450654,2.95620814,6.829538448,0.10303967,0.583736329,0.24368882,1.281930696,1.693972179,5.814238393,12.44461618,15.24624085,0,0,0,0,21.13601236,31.46330012,10.72952087,25.68514023,10.9994848,25.50993583,7.185471406,20.08094427,3.992787223,20.84097314,0,0,0,0,1.770736734,13255.43843,10563,6850,13598,9020,10629
2012-08-01T00:00:00,1343995006,224613.4757,0,0,1979.275737,2376.844952,0,0,5812.900673,7769.830803,6045.538541,8048.068267,4035.178479,4269.47974,0,0,2894.265908,3066.874152,998.0294878,577.9290987,52.84480083,58.17067063,5.055354371,7.002662899,8.485256079,8.933878792,2.538023797,2.894994096,34.99482669,46.77201393,9.120020693,15.04692015,16.74599069,35.41658286,8.90946715,11.56611613,0.150543197,0.644605106,0.014485256,0.252861956,0,0,1.606311433,4.991011217,561387.3927,717110.2931,33414.27263,52965.59507,118660.611,125234.7468,23381.25815,39616.28748,371989.3564,613180.0041,33528.36161,113845.3843,243115.1195,517685.9148,92839.73306,211739.5125,6043.650802,31882.86954,326.3874806,5261.995572,0,0,7571.856182,60413.13556,17394.95706,28901.14024,9.409208484,8.656140705,28.02741852,31.85440841,2.921883083,6.548051698,0.113295396,0.712096468,0.228142783,0.863224933,1.614588722,5.636968206,12.37920331,16.12709872,0,0,0,0,20.33729953,29.22358005,10.3993792,26.1142549,10.81531298,26.130607,7.201758924,19.80384034,4.025866529,21.05264884,0,0,0,0,1.771339886,13941.89446,10623,6609,13984,9212,10629
2012-08-15T00:00:00,1345090869,53209.56,0,0,2068.967909,2894.118993,0,0,6034.703934,8185.872474,6280.011387,8460.834514,6167.701863,7049.061455,0,0,3812.298137,3577.451945,998.076087,575.4212913,53.54347826,59.85200583,5.128364389,7.887346237,8.711697723,9.24271342,2.573498965,2.918542415,35.49741201,48.13682291,9.369565217,16.55569886,17.13975155,36.6901882,8.798136646,11.11671734,0.159937888,0.648129652,0.01242236,0.21547514,0,0,1.460144928,3.518799788,579609.9565,767932.1995,34787.94462,57606.03307,121485.0543,132103.2348,24249.74896,41825.02947,386795.3587,669794.9003,35318.99793,154846.1816,249580.2003,553126.6362,99021.65114,258001.904,6241.655797,32956.27315,279.8385093,4204.219988,0,0,5770.35559,31716.34043,17278.75362,29190.31297,9.603519669,9.112771055,28.42701863,33.90728979,2.827122153,5.870331888,0.140269151,1.35419505,0.281055901,2.075488748,1.632505176,5.470468367,12.38457557,14.1720656,0,0,0,0,20.34730849,30.09417547,10.41149068,26.19205489,11.23240166,27.69776108,7.277950311,20.33963357,4.257246377,22.39850756,0,0,0,0,1.632505176,12291.8499,10825,6783,13945,9422,10896
2012-09-01T00:00:00,1346720743,79424.46472,0,0,2106.843154,2294.220136,0,0,6310.125934,7452.059848,6555.358299,7747.097049,6454.564315,6556.664115,0,0,4021.173859,3240.598358,2502.543776,1445.517129,59.6560166,60.45019842,5.568879668,8.800628655,9.863278008,9.952052064,2.817634855,3.245127245,39.61141079,47.87242116,10.77385892,17.0185858,19.07095436,36.25102584,9.587136929,12.55292863,0.167427386,0.710602295,0.004771784,0.127934638,0,0,1.622614108,4.739752761,659807.688,857216.4636,38737.01577,62402.19755,130947.9498,136447.4915,25409.16203,43046.1995,452534.901,765628.8347,45073.32199,247629.0098,300703.5085,632779.2115,104027.1575,248467.1461,6103.95249,30351.86154,92.04917012,2393.333613,0,0,5982.657676,44157.20902,18910.6832,31712.13995,10.14688797,9.40203919,32.85145228,35.41252925,3.214522822,7.875301264,0.135892116,0.97115992,0.272614108,1.512862217,2.103941909,7.040235949,13.78153527,16.52024382,0,0,0,0,25.69958506,35.71341961,11.20311203,25.52337694,12.42780083,28.62575761,6.661410788,19.68639726,3.64253112,17.52840659,0,0,0,0,1.794813278,12178.65934,11060,6955,13276,9017,11424
2012-09-15T00:00:00,1347791292,56417.3795,0,0,2401.414579,2873.159849,0,0,7683.900186,10095.67625,8042.493477,10378.52586,7240.422448,7548.090722,0,0,4532.954649,4143.843918,2501.82398,1446.214332,58.98115552,59.66163528,5.383102092,8.079759539,9.79871609,9.87121831,2.789811555,3.235674858,39.27417685,47.84969692,10.46469248,16.48380186,18.91323255,36.30627363,9.731414372,12.96825891,0.174363222,0.723132862,0.004969973,0.13335805,0,0,1.556015738,4.121425206,659568.7345,853875.884,39234.28764,63184.39858,131554.9246,133108.1373,25376.11327,44171.45405,450561.6322,766056.7661,44312.69062,259279.0312,297951.8776,623924.6263,105698.5368,256352.9827,6193.548975,30161.28013,109.5299234,2878.126606,0,0,6538.697867,48131.09164,19087.05156,30519.22842,10.03313315,9.152022463,32.71609029,35.4610253,3.101470284,6.992885767,0.126941396,0.918413928,0.270035204,0.993442373,2.088217022,6.949756369,13.53841375,15.80017408,0,0,0,0,25.25636778,34.7044338,11.1793332,25.485441,12.17125699,27.68902307,6.819631394,20.38490614,3.554566163,16.92020712,0,0,0,0,1.735348933,12841.77677,11182,7288,13425,9095,11472
2012-10-01T00:00:00,1349180597,57887.13581,0,0,2439.050404,3187.165329,0,0,7514.824725,9561.00902,7866.889027,9969.067467,7368.595727,8070.293816,0,0,4564.067206,4287.618761,2500.221946,1444.996906,59.94233562,60.02978582,5.486206181,8.075231371,10.01887575,10.04994045,2.859780129,3.346516495,39.78697366,47.7354213,10.46733043,16.40304751,19.24704418,36.20332763,9.895457374,12.98517105,0.182534744,0.74215379,0.00497822,0.113294394,0,0,1.602986932,4.407149369,683540.273,876064.1904,39710.65547,63356.12718,136287.0288,138214.9352,25831.70027,44188.87951,468567.5271,784144.2172,44944.12798,252851.0276,309073.8716,637257.7234,111595.5235,273415.4516,6495.001037,34229.07117,117.8832192,2425.611971,0,0,6530.477079,49549.89592,18782.65713,29740.15854,10.21758971,9.255962254,33.12404066,35.69811608,3.1532877,7.34445594,0.145198092,0.945558218,0.29703381,1.29801658,2.104957478,7.228812735,13.86392865,16.19431078,0,0,0,0,25.41360714,35.01431025,11.2455922,24.84658265,12.67164489,28.38256596,7.008297034,21.56511232,3.603194358,16.98997295,0,0,0,0,1.790499896,13143.36134,11403,7238,13603,9032,11776
2012-10-15T00:00:00,1350383898,52720.6648,0,0,2249.571102,2696.398577,0,0,6788.322869,8210.570194,7079.525988,8528.824253,6911.018711,7228.378988,0,0,4290.985031,3746.031763,2495.486279,1445.973519,60.79272349,61.20224532,5.588981289,8.440133016,10.20769231,10.42350131,2.905613306,3.447109984,40.31725572,48.49226071,10.54573805,16.69313625,19.62494802,37.3125792,9.958627859,12.7259354,0.198336798,0.778183114,0.004989605,0.177696189,0,0,1.56985447,4.347844088,695249.8674,916599.4207,42090.59418,143195.8844,137025.7988,139274.7707,26103.72058,45402.6316,476144.2345,816649.2926,45066.7185,309069.6185,316677.3669,654099.6849,111562.9175,266868.1936,7110.770686,35371.52083,133.347817,4358.101836,0,0,6641.400832,57724.01821,19043.9632,30735.63134,10.3002079,9.368994956,33.66507277,37.20879848,3.225779626,7.501639507,0.131392931,0.888475494,0.327234927,2.025663425,2.138461538,7.310769896,14.23409563,17.10194703,0,0,0,0,25.64116424,35.79161405,11.54220374,26.23330449,13.0029106,29.06755326,7.043243243,21.3207804,3.563201663,16.6698608,0,0,0,0,1.773180873,13885.51934,11436,7530,13423,8983,11809
2012-11-01T00:00:00,1351857905,54985.89489,0,0,2439.901765,3202.664293,0,0,7347.869782,9631.504916,7696.71298,10029.82277,7339.356179,8358.3238,0,0,4539.781724,4403.947562,2496.739564,1447.053515,59.80934579,59.90428672,5.512772586,8.338539987,10.09678089,10.19611332,2.915680166,3.457673638,39.47580478,47.16456889,10.41349948,16.82158359,18.7815161,34.9990362,10.12751817,13.4061075,0.20290758,0.792063343,0.005192108,0.153105748,0,0,1.600207684,4.117672063,684927.7585,905652.4275,39315.87207,62985.62442,136132.1439,141796.7309,25563.50073,41962.19978,469566.2309,809943.2812,46382.86293,335037.9265,307108.1053,623866.3125,113445.8966,266599.1981,7354.683281,37509.21688,145.2928349,4661.718553,0,0,6850.034683,54747.8578,18542.32046,29654.14709,10.22679128,9.439321921,33.19169263,35.85769748,3.208307373,7.202285141,0.150155763,1.039454025,0.311734164,1.775516365,2.15867082,7.494944998,14.2132918,17.38207829,0,0,0,0,25.4463136,34.88780377,11.0066459,24.42891987,12.92481828,28.18524534,6.91007269,21.47271476,3.521495327,17.48370863,0,0,0,0,1.808307372,14350.0108,11451,7131,13482,8767,11895
2012-11-15T00:00:00,1353068523,53760.53781,0,0,2443.870432,2967.929785,0,0,7169.503322,8697.434986,7503.332849,9143.186436,7351.328904,7978.292178,0,0,4585.501869,4062.130537,2498.897633,1447.687482,59.9717608,60.1587983,5.686254153,8.614445129,10.14929402,10.14862209,2.930647841,3.410788665,39.30170266,47.23026805,10.32578904,16.52874169,18.59800664,35.28519231,10.21075581,13.67080852,0.207018272,0.792484788,0.004775748,0.157119364,0,0,1.692068106,4.631798608,680801.0463,902496.7327,40631.77658,66402.26396,138855.2886,140300.0875,26291.91528,44785.7741,459279.8605,808170.1937,44610.93459,346799.377,298766.4084,621654.013,113462.1356,269328.0868,7476.711171,36644.16826,172.3301495,5213.318562,0,0,8093.164037,69052.87645,18940.26765,29619.66113,10.37936047,9.640613371,33.11648671,36.10340001,3.375,7.771641496,0.170265781,1.149387933,0.290697674,1.201900424,2.222799003,7.493573336,14.36482558,17.50837484,0,0,0,0,25.63226744,35.7927884,11.06686047,23.57772574,12.99626246,28.59152093,6.875830565,21.0815817,3.400539867,16.63746697,0,0,0,0,1.903862126,15742.20536,11352,7145,13681,8971,11686
2012-12-01T00:00:00,1354457844,53943.86106,0,0,2368.918689,3226.310067,0,0,6955.090438,8641.748081,7285.30782,9055.732419,7094.171334,7751.71186,0,0,4453.274839,4315.412091,2504.67206,1448.351102,59.11346194,60.09225594,5.513378967,8.382234291,10.11200996,10.29026476,2.883011823,3.330387165,38.74341423,47.91449378,10.04521883,16.05247141,18.55424186,36.61647221,9.983198507,13.55211226,0.208877826,0.801712028,0.003318814,0.109634322,0,0,1.649450322,4.214374977,688605.526,966374.87,39183.79278,71415.55796,137980.9639,144241.6803,26192.27525,45971.49132,470509.3215,874260.7388,46041.91247,322847.0518,306824.7048,699299.6759,115137.3566,315852.4295,7360.036922,33433.20128,86.1902095,2319.426705,0,0,7292.945447,55116.93767,18838.49388,29901.07453,10.25347438,9.538775051,32.61128397,35.99133186,3.284795686,7.474911027,0.151213441,1.264350556,0.299730346,1.179747656,2.221323377,7.773857871,14.10184609,16.56517737,0,0,0,0,25.09458619,34.41224532,11.28562539,26.83103652,12.76477909,28.73405606,6.754822651,20.33730396,3.213648621,16.28495438,0,0,0,0,1.861646962,14739.17258,11648,7107,13645,9085,12144
2012-12-15T00:00:00,1355661707,57230.86477,0,0,2415.643362,3192.403432,0,0,7382.942156,9705.404457,7724.112151,10113.72246,7259.675406,8147.183377,0,0,4521.089471,4338.11035,2498.180816,1446.865041,59.82459426,59.41972335,5.681856013,8.63005517,10.25613816,10.2175839,2.910944653,3.32639366,38.98501873,47.03622381,10.00811486,15.71282204,18.52517686,35.65581542,10.27632127,13.56477536,0.231585518,0.846186191,0.003329172,0.109805121,0,0,1.755722014,4.616621656,703197.7002,976067.9701,40125.42926,74395.83317,139678.1122,137216.9149,26176.15273,43352.36867,480976.8552,884653.8688,44993.51124,329353.5699,311379.9846,705112.739,122275.5335,300365.5845,8187.144819,37093.29645,91.39908448,2510.795518,0,0,7962.60695,60256.64113,18768.91407,29848.01737,10.51914274,9.69224455,32.85185185,35.76383243,3.414481898,7.951768257,0.129213483,0.881534624,0.30357886,1.173652923,2.346650021,8.004530566,14.74531835,17.61279723,0,0,0,0,25.21036205,34.23755572,11.43008739,26.77004777,12.99542239,28.43735732,6.934456929,21.07263242,3.254265501,14.21952968,0,0,0,0,1.990636704,16241.15085,11754,7062,13618,8992,12337
2013-01-01T00:00:00,1357127027,55854.46454,0,0,2272.972586,2722.297838,0,0,7050.75514,9085.259693,7428.262928,9567.991779,6875.181724,7213.809075,0,0,4291.644444,3673.373407,2500.134579,1445.82295,59.95036345,59.28602745,5.739771547,9.044012996,10.26085151,10.21100714,2.947455867,3.43017295,39.03779855,46.58842377,9.907580478,15.87890228,18.63239875,35.03030981,10.30633437,13.66049672,0.244029076,0.89631365,0.002284528,0.0593752,0,0,1.718172378,4.649156288,697419.9173,917402.5337,39199.55722,62482.79835,139768.1742,138053.0431,26621.54393,44146.21778,475978.9485,828416.2261,43772.85711,302614.5132,308232.2015,656461.7559,121781.6841,302977.3676,9122.159917,44841.61243,78.15991693,2276.243147,0,0,6651.373624,45126.59664,18445.77653,28692.20164,10.39771547,9.508168591,33.16261682,36.72593248,3.426168224,8.603743574,0.144755971,0.982939103,0.312772586,1.519479914,2.30238837,7.764253934,14.90425753,18.0211648,0,0,19.80249221,32.34006472,5.518795431,9.6700719,11.23032191,24.74176315,13.28805815,29.87662225,6.870404984,20.33142391,3.240290758,13.9804862,0,0,0,0,1.964485982,15851.69346,11633,6829,13621,9032,12192
2013-01-15T00:00:00,1358344115,59554.10854,0,0,2672.124742,4071.188973,0,0,8052.920619,11107.95945,8472.901237,11573.01684,7895.463918,9626.809646,0,0,4834.065567,5159.442514,2496.687423,1446.433751,60.37134021,60.81417397,5.830721649,9.182906829,10.24701031,10.38335386,2.908453608,3.294836742,39.37938144,47.89026533,9.89628866,15.87126583,19.21402062,36.84235529,10.08927835,13.0587439,0.242680412,0.863863911,0.003298969,0.099428487,0,0,1.759793814,5.050776398,711018.9798,986422.3531,40418.62619,66292.76923,142049.607,195507.9446,26702.35093,43352.15449,485790.8501,888088.9133,45769.8866,347001.5916,319601.4732,711408.1586,117703.3082,281301.984,8863.675258,39697.20579,84.04639175,2424.516679,0,0,7109.823918,45726.67977,19193.59567,31423.57047,10.48061856,9.706334186,33.19237113,36.96718946,3.508041237,8.718202151,0.146391753,1.031669836,0.318762887,1.626151778,2.349896907,8.088342444,14.75443299,17.46872628,0,0,19.52824742,31.52576636,5.871134021,10.38697101,11.06659794,25.72119944,13.55649485,30.84501002,7.048659794,21.1092422,3.300206186,14.17147491,0,0,0,0,2.005773195,16057.54557,11777,6932,13862,9180,12336
2013-02-01T00:00:00,1359769331,45689.24008,0,0,2325.329392,3038.231845,0,0,7028.853143,9036.788222,7343.601742,9376.470413,7140.012446,8077.57056,0,0,4278.849824,4091.477422,2499.091475,1446.62333,60.10972827,59.10608899,5.965152458,9.035619959,10.26218627,10.11849107,2.945239577,3.403987048,39.00788218,46.86861886,9.796722672,16.20722979,18.82845883,35.11389338,10.21240407,14.09664172,0.245799627,0.855903937,0.003941091,0.102777361,0,0,1.679527069,4.348199477,715454.2713,926218.4559,41004.50197,66174.12156,142546.9177,141911.8811,27087.11616,43647.88011,488735.9104,834509.5748,46953.59739,366179.4096,321345.508,643459.1896,117379.2427,258171.3001,8930.577059,39826.38564,105.7904999,2645.096861,0,0,7043.457581,48112.35004,19229.04812,31784.81824,10.56959137,9.563897732,33.043352,37.10377185,3.57415474,8.378327893,0.174859988,1.138381423,0.326280855,1.591551031,2.430201203,8.6363986,14.76291226,17.28426756,0,0,0,0,26.55050819,36.26144707,10.4903547,22.39631345,12.98900643,30.36450215,6.955196017,21.15695498,3.124662933,13.80783515,0,0,0,0,1.929267787,16079.82514,11902,6874,13890,9196,12529
2013-02-15T00:00:00,1361018226,41513.45351,0,0,2065.145613,3161.692977,0,0,6437.550923,9241.668002,6707.681601,9515.648913,6478.323999,7894.436598,0,0,3976.038166,4159.494342,2497.303464,1447.340324,60.08608173,59.57804556,5.918066791,8.993655562,10.20659614,10.09700133,2.961418793,3.421833574,39.04314458,47.12050563,9.612321095,15.82631322,18.95540344,35.42519577,10.29993777,14.17824635,0.263638249,0.905159997,0.00248911,0.070512585,0,0,1.690728065,4.859995389,730007.72,948219.6097,39264.48268,62303.52945,144730.278,145207.2821,27472.68202,45468.02666,501139.9714,855035.2036,42886.55777,255740.8457,330637.8567,695358.3464,124606.8374,296643.8904,10080.95188,48650.37178,103.8902717,3560.504824,0,0,7215.463804,56795.4985,18998.99606,32568.96359,10.53495125,9.589687998,33.28541796,38.0048449,3.604438913,8.881817157,0.148516905,1.117979433,0.323791744,1.049052188,2.419622485,8.190104163,14.72370877,16.94416554,0,0,0,0,24.55071562,35.15014422,11.73408007,24.46271049,13.35511305,30.36984923,7.257830326,21.83057139,3.188342667,13.42431352,0,0,0,0,1.956855424,17400.30596,12149,6634,14180,9276,12835
2013-03-01T00:00:00,1362249144,77849.60321,0,0,2014.383347,2602.688038,0,0,6230.75313,8120.698837,6581.836394,8553.413056,6396.076795,7034.411101,0,0,3773.960351,3446.254349,2500.85288,1448.34065,60.35204508,58.74614522,5.938856427,8.742885075,10.36644407,10.06154397,2.969741235,3.407023228,39.01961603,46.37882536,9.675918197,15.80709634,18.77608514,34.74676676,10.37917362,14.43864777,0.267529215,0.909859226,0.003130217,0.098985934,0,0,1.78672788,4.776822955,735320.1407,934715.8721,39363.35392,64096.47156,146804.2306,144357.7097,28494.03464,47275.69889,501127.4128,840121.9533,48348.59286,329015.6062,327116.4927,665064.77,122791.0511,283039.4025,10456.65568,54276.08292,99.8274207,2791.946691,0,0,8974.625626,85076.96203,18765.0361,34606.71028,10.721202,9.766146318,33.40317195,37.87113251,3.656928214,8.578226771,0.138146912,0.864885706,0.348914858,1.752449654,2.553631052,8.776631507,15.07721202,17.75012892,0,0,0,0,24.6980384,34.52897353,11.75187813,23.84082223,13.57909015,31.19240611,7.120200334,20.86216974,3.202838063,13.33262691,0,0,0,0,2.057387312,19531.10873,12183,6628,14161,9594,12842
2013-03-15T00:00:00,1363410087,40030.74618,0,0,2063.325504,2781.568789,0,0,6225.350447,8085.245248,6532.702557,8472.328078,6451.465392,7254.058951,0,0,4027.754729,3783.472895,2501.991478,1446.016797,60.71752234,59.71523067,5.894616504,8.516622339,10.44772397,10.14510809,2.950322178,3.346699948,39.39035544,47.13622733,9.665765953,15.90157938,19.21430056,35.51511269,10.33402619,14.50816483,0.272708377,0.895519531,0.003533569,0.10289908,0,0,1.758262316,4.787781925,735245.979,915521.5984,40100.23218,67868.49581,147639.8751,146671.9468,28401.03658,47163.35944,500655.3473,816199.6762,44436.15756,213640.3654,334598.9441,685564.179,118651.7614,275918.5886,10311.07815,53228.98127,137.552276,3637.53509,0,0,8000.85741,57659.29169,19200.88131,32791.65859,10.74870089,9.702187495,33.55123675,38.29479055,3.612346705,8.491476972,0.123051341,0.711451832,0.349823322,2.000012853,2.506547495,8.560500859,15.1590106,18.34375422,0,0,0,0,24.88443151,35.46807812,11.54998961,23.68151429,14.00415714,31.64532031,7.055497818,20.74110279,3.223446269,13.01041902,0,0,0,0,2.034504262,18449.48784,12109,6802,14131,9626,12710
2013-04-01T00:00:00,1364949387,69227.10469,0,0,2683.400208,4058.398528,0,0,8435.174039,11592.47367,8765.087643,11819.13057,8200.415369,9858.348763,0,0,5009.334787,5347.780735,2493.798131,1443.876563,58.96926272,57.54878638,5.859190031,8.524627213,10.34288681,9.925630979,2.945379024,3.37465462,37.79376947,44.97849541,9.252959502,15.18418519,18.19875389,33.62481527,10.16407061,14.4730952,0.280373832,0.902919613,0.003115265,0.098749472,0,0,1.744548287,4.642746761,717200.8627,898557.7494,40061.94683,64258.77945,148521.87,146844.378,28027.10384,48230.13915,482058.4474,794738.9635,42930.59252,270897.4228,314813.4305,631568.79,121290.4098,290755.9387,10443.94787,48805.55291,89.17549325,2564.778719,0,0,7998.37134,67681.277,18790.79045,31423.46026,10.67829699,9.690996153,32.14994808,36.12696469,3.58172378,8.401745253,0.134371755,0.854292378,0.34184839,1.681573063,2.423676012,8.277328329,15.04880582,17.75667736,0,0,0,0,25.39937695,34.31461849,10.60415369,22.63052606,13.15264798,30.4332605,6.813707165,20.27425612,2.999376947,12.32981341,0,0,0,0,2.028037384,18531.4947,12162,6837,14359,9515,12754
2013-04-15T00:00:00,1366185830,96282.62494,0,0,2720.031601,3979.6726,0,0,8358.295842,11349.49123,8709.95052,11636.52381,8195.218295,9959.352838,0,0,5007.316008,5282.76705,2500.524116,1446.388646,59.49313929,58.83091504,5.74968815,8.171964453,10.4039501,10.11441947,2.937214137,3.388283551,38.37297297,46.66687555,9.006237006,15.08993009,19.07110187,36.03405551,10.12079002,13.88990585,0.289397089,0.910228233,0.003534304,0.104910532,0,0,1.736382536,4.778628207,746643.843,958344.5906,41256.65863,99453.16816,149686.3541,150074.398,27979.68898,48426.65279,507918.3164,853119.7235,43629.57484,286230.6221,338755.5896,699796.101,123100.4314,276932.6447,10782.42495,49217.73429,83.43908524,2493.339602,0,0,8936.960915,78852.35518,18966.16694,31090.3713,10.68877339,9.56102072,32.48648649,37.0192219,3.507276507,7.98689474,0.119126819,0.671477152,0.338253638,1.744409623,2.353638254,7.834879386,15.102079,17.82012737,0,0,0,0,25.36153846,34.74774042,10.77318087,23.68799068,13.32162162,30.90523861,6.832224532,20.20652004,3.204573805,13.98215896,0,0,0,0,2.029313929,19802.82495,12550,7175,14387,9525,13236
2013-05-01T00:00:00,1367479320,46184.79017,0,0,2363.614028,2737.823447,0,0,7152.875493,8309.214811,7555.582901,8834.919409,7363.768417,7749.118044,0,0,4552.265408,3926.092782,2497.265615,1444.964056,60.85930691,61.55574628,5.961195269,9.000584975,10.52894791,10.6223317,2.979248807,3.508207105,39.27910355,49.00062805,8.915542644,14.71325584,19.93089853,38.83563138,10.23863872,13.69317809,0.29860967,0.931933383,0.001452584,0.051918639,0,0,1.810749118,5.340324991,764916.7846,1040085.183,40428.64453,64621.32706,150984.392,149217.9027,28293.87383,48516.40755,524341.6082,943541.0807,45959.18531,303675.5558,350755.7533,789110.3112,124102.2895,276784.4198,11127.1104,48750.75209,36.90973231,1563.369335,0,0,9704.245902,87034.45137,19149.12056,32662.21615,10.82423739,9.72380705,33.17410251,38.5448293,3.733139656,9.120493556,0.136127827,1.504830718,0.341149616,1.723532547,2.411496161,8.177464657,15.42062669,18.77375034,0,0,0,0,25.9531023,36.47753248,11.11973438,26.8999511,13.47208965,30.78307382,6.982153974,21.10305579,3.332226603,13.90125483,0,0,0,0,2.110811372,20868.26603,12568,6781,14339,9496,13349
2013-05-15T00:00:00,1368696479,48733.2021,0,0,2466.808808,3116.980018,0,0,7745.128992,9966.463411,8169.482571,10478.66559,7582.968065,8179.533824,0,0,4647.912544,4243.167949,2501.037153,1445.217652,60.36276351,60.30970566,6.062826132,8.865446202,10.51074932,10.55026628,2.966604049,3.485325909,38.77916928,47.52018403,8.787100814,14.32751099,19.51492382,37.19312391,10.27614277,13.98431945,0.31183469,0.968521347,0.001669798,0.067743302,0,0,1.729910248,4.529974012,765115.3356,991967.5706,40382.48675,66710.60031,151919.4039,151775.8233,28680.69672,52641.3969,522458.8835,883896.2771,44842.53976,195237.7188,346658.3068,737338.5782,127003.0263,288183.2991,11479.36276,51568.13456,52.48883323,1975.639312,0,0,10142.01315,97946.92411,18861.41035,31391.40049,10.92444166,9.860693724,32.67084116,38.13169655,3.614068044,8.29347695,0.116259654,0.608546138,0.328950115,1.15809157,2.493216448,8.683174669,15.30828637,17.87265455,0,0,0,0,25.66708412,34.66191785,10.9847631,23.88947751,13.44980171,32.33666849,6.940096013,20.23267808,3.321018576,14.08205872,0,0,0,0,2.043414736,21673.86474,12675,6660,14453,9667,13472
2013-06-01T00:00:00,1370242221,98956.48767,0,0,2351.053095,3202.803284,0,0,6727.156139,7957.217027,7055.026023,8322.236196,7016.789087,7403.165099,0,0,4414.161175,4080.803117,2496.792655,1447.346115,59.74228751,59.2775773,5.49296957,7.597992424,10.49254984,10.33395148,2.967681007,3.507300821,38.73494229,47.34336683,8.620566632,14.61539088,19.83903463,37.10656654,10.0818468,13.37597476,0.320881427,0.983000556,0.001888772,0.056074828,0,0,1.731374607,4.985438597,780509.0942,1015602.435,40768.39224,68500.01051,154140.9137,152829.0852,28830.35068,52382.85792,534914.5754,912909.4297,45611.47849,307934.28,360837.9177,744028.0674,124983.4911,278179.4372,11903.62917,51925.09388,58.17901364,1884.681314,0,0,9893.053935,87123.06941,18880.71522,31216.74287,10.60755509,9.301255464,32.96852046,38.50926022,3.241343127,7.588145272,0.1204617,0.58860373,0.334312697,1.097210034,2.474921301,8.690000442,15.12549843,17.80782897,0,0,0,0,25.03483736,34.81204281,10.98258132,24.38712592,13.6339979,31.67449775,6.89884575,20.36781015,3.192025184,12.44900867,0,0,0,0,2.054144806,21854.86212,13064,7421,14690,9714,13809
2013-06-15T00:00:00,1371366471,46264.41544,0,0,2156.18216,2735.416785,0,0,6919.738249,9193.411229,7288.011698,9668.875332,6897.848339,7732.619788,0,0,4227.628786,3853.578659,2501.428243,1444.585503,59.9064132,59.49689509,5.61625235,8.31008176,10.44516399,10.17811252,2.947775225,3.484153263,38.84896595,47.48397375,8.640902444,14.61430681,20.00835596,37.36085714,9.997284312,13.5589373,0.313766451,0.974151277,0.001880092,0.059562992,0,0,1.73260915,4.957216997,780208.1418,1036482.67,40197.54773,63625.81982,153392.0602,153555.1911,27958.62816,52102.24552,537536.296,935287.4817,46142.87006,360900.1698,360993.9772,736463.0482,126713.094,304006.4855,11574.00334,50925.85015,54.66764153,2020.460325,0,0,9494.938793,95524.33973,18833.02235,31174.93719,10.66033006,9.476166013,32.93315229,38.65586468,3.343012325,8.315116868,0.129517443,0.656267558,0.340296637,1.740932327,2.566534364,10.02815713,15.22811782,17.70611051,0,0,0,0,25.38416545,36.12888206,10.87131815,23.42627178,13.33486526,30.89803514,6.908502193,20.68226269,3.407562147,13.89487108,0,0,0,0,2.048255693,21123.60977,13023,7157,14685,9484,13836
2013-07-01T00:00:00,1372845072,103844.8972,0,0,5764.37061,5413.947968,0,0,15973.1551,13209.88776,16890.16137,13778.03034,15576.08696,12117.49461,0,0,9726.903846,6835.636565,2500.105978,1445.388807,58.00982441,56.9349445,5.565844482,7.979531442,10.29556856,10.07023896,2.925167224,3.506062889,37.23097826,45.6013741,7.969481605,13.16020358,19.25668896,36.35915921,9.805811037,13.30941747,0.325668896,1.005067414,0.001881271,0.055963491,0,0,1.664715719,3.934300646,762743.4304,945858.4087,41595.08236,68005.36238,153098.2795,157170.7139,28185.98662,52544.8819,520444.7805,841078.6295,41092.11413,177081.744,346186.0899,703991.5738,129424.4778,310940.4188,12023.83194,52120.57459,77.78553512,2447.69848,0,0,7317.683946,56815.09516,19761.16869,33606.84129,10.534699,9.24402365,31.66973244,36.71295649,3.325877926,7.546718432,0.119356187,0.604617063,0.356605351,1.704290233,2.523202341,8.485865492,15.09343645,17.98090562,0,0,0,0,24.30873746,32.9409722,10.58883779,22.74703775,12.88942308,30.85018994,6.842600334,20.23572662,3.380225753,13.9167629,0,0,0,0,1.992265886,19419.30142,13148,7473,14870,9635,13978
2013-07-15T00:00:00,1374057310,106250.3773,0,0,5907.076342,5687.116303,0,0,16504.41107,13938.55463,17410.11409,14396.48686,15740.56208,12351.48412,0,0,9923.66401,7065.8165,2493.065856,1445.044655,57.72713926,56.7278547,5.61283557,8.193001372,10.32802013,10.01819838,2.973783557,3.645804191,36.71937919,44.73809534,7.901845638,13.25775435,18.8596896,35.5315613,9.765310403,12.97707373,0.337458054,0.996852218,0.001887584,0.052181866,0,0,1.753775168,5.15882259,766471.3056,946124.9885,41471.20742,67315.68236,154982.1011,158300.1407,28972.90898,53154.69088,520537.108,839671.2751,40780.94987,176569.8831,345418.5596,692801.8167,130628.1401,324340.8249,12340.2758,51924.12689,97.11744966,3040.552075,0,0,8070.586829,66450.43791,19130.81124,32258.61221,10.62604866,9.544559977,31.30893456,36.03746402,3.446937919,8.717636401,0.13863255,0.994254033,0.36283557,1.865793643,2.574874161,8.458411756,15.1170302,17.57007003,0,0,0,0,24.27307047,33.13314754,10.60423658,22.45886524,12.6210151,30.50285419,6.798028523,19.42019518,3.430788591,14.14066112,0,0,0,0,2.093120806,20507.98008,13277,7388,15005,9742,14176
