# date, startedDateTime,TTFB,renderStart,onContentLoaded,onLoad,fullyLoaded,visualComplete,PageSpeed,SpeedIndex,rank,reqTotal,reqHtml,reqJS,reqCSS,reqImg,reqGif,reqJpg,reqPng,reqFont,reqFlash,reqJson,reqOther,bytesTotal,bytesHtml,bytesJS,bytesCSS,bytesImg,bytesGif,bytesJpg,bytesPng,bytesFont,bytesFlash,bytesJson,bytesOther,bytesHtmlDoc,numDomains,maxDomainReqs,numRedirects,numErrors,numGlibs,numHttps,numCompressed,numDomElements,maxageNull,maxage0,maxage1,maxage30,maxage365,maxageMore
2011-05-16.csv,3.768229568,3.185617515,3.043320168,0,3.462562331,3.493569336,3.529198688,0,3.523280992,0,3.33404373,3.535128114,3.241905716,3.370115661,3.090475447,3.083328981,2.193653992,3.157703134,0.021053397,0,0,2.829700193,3.333483347,2.964747046,3.187421153,3.172537879,2.96098165,2.407983931,2.434158194,3.048759529,0.021048627,0,0,2.026057784,3.028113733,3.491632117,3.43226193,3.201514598,0.021053397,1.038648887,1.47788638,3.328072958,0,0,3.343397414,2.601535403,2.336861147,2.392682982,2.34273342
2011-06-01.csv,3.768229568,3.06645563,3.227810361,0,3.447325736,3.477041704,3.480105684,0,3.532446741,0,3.340078518,3.575124091,3.254589967,3.366313508,3.077162133,2.935079476,2.235083537,3.103660113,0.021053397,0,0,2.856156865,3.347870846,2.965296686,3.249687957,3.160048335,2.949260883,2.403755685,2.33887996,3.038929492,0.021048627,0,0,1.90928996,3.038123809,3.507138047,3.372214847,3.292203899,0.699450397,1.038648887,1.241618205,3.378703873,0,0,3.355107868,2.583799207,2.193076647,2.452455774,2.300422855
2011-06-15.csv,3.768229568,3.177524441,3.099836016,0,3.423816593,3.458903624,3.462667296,0,3.447462031,0,3.304572318,3.633892712,3.212019394,3.337604419,3.055866678,3.023500351,2.126123432,3.116307083,0.021053397,0,0,2.899936263,3.288914361,2.886332285,3.173594499,3.157119564,2.935773285,2.497042133,2.20553762,3.071007488,0.021048627,0,0,2.045251778,2.984085247,3.531290756,3.323785425,3.425086006,1.096287778,1.038648887,1.241618205,3.359223323,0,0,3.361614705,2.662265506,2.115499455,2.48504514,2.277297906
2011-07-01.csv,3.768229568,3.352662722,3.206740323,0,3.389218544,3.427191487,3.453934846,0,3.508569379,0,3.318524057,3.612315109,3.263149695,3.368418944,3.041960116,2.994121321,2.10594683,3.121397892,0.021053397,0,0,2.882901535,3.314618175,2.837436653,3.231717797,3.074583911,2.922165104,2.613931832,2.252628472,3.065597829,0.021048627,0,0,2.02762438,2.92584559,3.534728235,3.345118006,3.427909299,0.021053397,1.038648887,1.183407527,3.390782795,0,0,3.359643358,2.573578614,2.164384012,2.604215681,2.181153329
2011-07-15.csv,3.768229568,3.509828908,3.136783071,0,3.386275047,3.421184487,3.424586037,0,3.462875734,0,3.293538903,3.612315109,3.251619101,3.378265811,3.022580494,2.991185242,2.116061473,3.09159147,0.021053397,0,0,2.878269703,3.284165095,2.822829918,3.209808661,3.032456543,2.903824149,2.57816981,2.238001962,3.009053717,0.021048627,0,0,1.997240558,2.917807112,3.537130308,3.321456096,3.427909299,0.021053397,1.038648887,1.195001982,3.426006674,0,0,3.331881199,2.567410706,2.14425154,2.558443796,2.165651649
2011-08-01.csv,3.768229568,3.757063866,3.246779182,0,3.375881692,3.370962939,3.447437593,0,3.491729983,0,3.277019657,3.546998892,3.298809146,3.389184654,2.967430413,2.88466419,2.180657929,3.020176759,0.021053397,0,0,2.935870098,3.2795216,2.843388509,3.22709989,3.046125563,2.874682691,2.452002125,2.317941287,2.965776776,0.021048627,0,0,2.167745731,2.929094892,3.542870635,3.219146068,3.395076551,0,1.038648887,1.183407527,3.467581142,0,0,3.344684645,2.302392715,2.205801407,2.595143805,2.25088531
2011-08-15.csv,3.768229568,3.75592745,3.311238532,0,3.430440712,3.422351328,3.442892333,0,3.522227708,0,3.300452998,3.545753967,3.302057817,3.332776904,2.996644246,2.893054378,2.160719564,3.045529009,0.021053397,0,0,2.964044761,3.302050107,2.946156162,3.288294356,2.984865262,2.90443821,2.572362719,2.235476736,2.962261256,0.021048627,0,0,2.181344577,2.952167953,3.537372913,3.257203982,3.400653206,0,1.038648887,1.195001982,3.478140183,0,0,3.363490899,2.473065352,2.2277672,2.538292494,2.211822319
2011-09-01.csv,3.768229566,3.756045019,3.216358183,0,3.210431483,3.239084475,3.326255383,0,3.470982309,0,3.344796654,3.546801848,3.307049286,3.387935645,3.029888591,2.892008673,2.194999013,3.052624153,0.021053397,0,0,2.866311861,3.292855349,2.768353565,3.256021693,3.089713789,2.894404224,2.338129169,2.30630523,2.967313219,0.021048627,0,0,1.8436598,2.869472813,3.559023353,3.363539646,3.431572726,0,1.038648887,1.384321999,3.433816331,0,0,3.373497505,2.421603736,2.21152059,2.654973976,2.2960537
2011-09-15.csv,3.768229568,0,3.20913831,0,3.386465362,3.420979623,3.519703812,0,3.540143185,0,3.337649585,3.565066034,3.295740939,3.357578449,3.016033897,2.916688823,2.114410094,3.053970497,0.021053397,0,0,2.943890425,3.24510916,2.667867921,3.233785704,2.933218561,2.884999322,2.537792691,2.184433334,2.939228791,0.021048627,0,0,2.039973704,3.024671323,3.555762487,3.349588339,3.448760552,0,1.038648887,1.467460905,3.46560596,0,0,3.387399102,2.506211209,2.175126175,2.629123989,2.253698971
2011-10-01.csv,3.768229568,0,3.33927306,0,3.515175368,3.512004257,3.533219288,0,3.581554195,0,3.369481614,3.59391257,3.335039056,3.369171708,3.102476827,3.032397215,2.241870033,3.163439402,0.021053397,0,0,2.964319545,3.254614124,2.691632701,3.212812198,2.952621823,2.948376931,2.729510694,2.264377408,3.046747912,0.021048627,0,0,2.065447641,3.027004071,3.576952119,3.366763558,3.485979785,0.021053397,0.951101619,1.609441746,3.464121719,0,0,3.482296169,2.53524023,2.203566765,2.625229549,2.212817661
2011-10-15.csv,3.768229568,0,3.428558548,0,3.404432726,3.401944136,3.568080416,0,3.613829872,0,3.36497074,3.588266,3.361529101,3.391590242,3.107725663,2.97465644,2.260633978,3.18994791,0,0,0,3.007100995,3.208146909,2.780654793,3.223094139,2.975755973,2.872380902,2.621451182,2.206095744,3.064584935,0,0,0,2.034214109,3.052481933,3.561042799,3.376951632,3.467283516,0.021053397,0.951101619,1.62216148,3.48548661,0,0,3.460694118,2.578958242,2.193014482,2.65334061,2.312626409
2011-11-01.csv,3.768229568,0,3.261925372,0,3.511025577,3.523726428,3.547139175,0,3.53444937,3.534020815,3.362620063,3.55455575,3.317478801,3.389900514,3.128227161,3.01421451,2.37091538,3.172942938,0.699450397,0,0,3.016576433,3.262305853,2.799987704,3.140496129,2.934039115,2.956963021,2.620212186,2.329695603,3.011090432,0.50451004,0,0,2.167210688,3.039567226,3.563861408,3.311733357,3.457178866,0.021053397,0.951101619,1.487962321,3.453890405,0,0,3.4944773,2.572051321,2.206990938,2.749287585,2.211049466
2011-11-15.csv,3.768229568,0,3.362741606,0,3.494499922,3.496444091,3.53964661,0,3.580059754,0,3.35105605,3.60557895,3.302696149,3.351717039,3.113669203,2.945129766,2.39867689,3.12563044,0.699450397,0,0,3.072454401,3.28039047,2.806815495,3.090430996,2.822919653,3.029044783,2.609636136,2.375097849,3.055155567,0.50451004,0,0,2.063199091,3.11807065,3.565670307,3.290128655,3.457178866,1.377848543,0.951101619,1.509033854,3.462974286,0,0,3.485450504,2.535689487,2.228930165,2.770479138,2.207621984
2011-12-01.csv,3.768229568,0,3.200732609,0,3.405747051,3.418923163,3.440390379,0,3.460733987,3.534020815,3.349536106,3.540604904,3.271091432,3.360721357,3.128191515,2.957095929,2.410191088,3.128086684,0.021053397,0,0,2.976332004,3.295473316,2.808342492,3.201344838,3.021852069,3.041715994,2.578020016,2.393958281,3.082779414,0.021048627,0,0,2.074034913,3.006245341,3.559860962,3.319295985,3.432082593,0,0.951101619,1.637673855,3.410204839,0,0,3.251319417,2.658231047,2.102557476,2.741170295,2.290823524
2011-12-15.csv,3.768229568,0,3.362104661,0,3.212233237,3.246745938,3.530667643,0,3.583348362,3.534020815,3.343144111,3.529566867,3.196436706,3.314628322,3.124249006,2.972452363,2.40227107,3.127360302,0.021053397,0,0,2.951662938,3.327922296,2.764475297,3.084164574,2.964878611,3.120010243,2.471660205,2.477662764,3.013426009,0.021048627,0,0,2.282236717,3.098390955,3.574917042,3.299627049,3.445863159,0,0.57142043,1.809331757,3.351461022,0,0,3.456621058,2.57732233,2.055388402,2.768149387,2.126974588
2012-01-01.csv,3.768229568,0,3.341153338,0,3.254730585,3.285120255,3.549221786,0,3.543577071,3.534020815,3.419327382,3.525059958,3.351720123,3.36649653,3.247337834,2.944582145,2.761583127,3.115399858,0.021053397,0,0,2.963870422,3.362386097,2.779561724,3.100157031,3.005162052,3.185565395,2.433742041,2.697219623,3.042820896,0.021048627,0,0,2.25553242,3.058249736,3.54656214,3.311760983,3.410254659,0,0.951101619,1.773843134,3.466238948,0,0,3.455050371,2.561539421,2.258940474,2.731506641,2.224844769
2012-01-15.csv,3.768229568,0,3.175751638,0,3.035137663,3.079313154,3.465959519,0,3.466390349,3.534020815,3.412030607,3.525684023,3.341670972,3.358676816,3.2333912,2.914940659,2.767631467,3.092728924,0.021053397,0,0,2.952665139,3.329752961,2.668648506,3.101648665,3.003783897,3.141226317,2.040532517,2.671867866,3.013824966,0.021048627,0,0,2.210844759,3.006686895,3.555694267,3.298951395,3.452887135,0.021053397,1.237067574,1.79767839,3.453576946,0,0,3.447520847,2.496099949,2.362874507,2.743541381,2.156376743
2012-02-01.csv,3.768229568,0,3.295208482,0,3.456067634,3.470793924,3.524936085,0,3.507953819,3.507592865,3.414690782,3.529949541,3.311748513,3.306820661,3.240333817,2.927197293,2.749681159,3.066176916,0.021053397,0,0,2.90517209,3.331184473,2.86510677,3.06437089,2.985586142,3.152120803,2.201381184,2.583530935,3.037095621,0.021048627,0,0,2.076299473,3.184339474,3.534949927,3.332266258,3.421266666,0,1.237067574,1.773843134,3.426294802,0,0,3.425791265,2.479648611,2.414270433,2.778131856,2.125770497
2012-02-15.csv,3.768229568,0,3.173659267,0,3.378416638,3.402705129,3.46732915,0,3.425881746,3.478489255,3.390932239,3.398245147,3.282643452,3.322928932,3.251691309,3.189835002,2.638388867,3.165719664,0.021053397,0,0,2.835365729,3.316830946,2.843085502,3.029649028,3.05098443,3.134267914,2.467092128,2.57044719,3.078084768,0.021048627,0,0,2.164694942,3.165619772,3.444979117,3.33967251,3.220508481,0,1.237067574,1.81604441,3.418582383,0,0,3.355522448,2.370104753,2.487051142,2.84223603,2.137707043
2012-03-01.csv,3.768229568,0,3.188243904,0,3.434534931,3.450670628,3.503221256,0,3.444027643,3.458655645,3.391967786,3.407935103,3.27421944,3.306106549,3.253039552,3.101706177,2.671944905,3.108384539,0.021053397,0,0,2.78926518,3.315940173,3.021516978,2.986999582,3.084273284,3.134790038,2.430632402,2.548994297,3.077353622,0.021048627,0,0,1.95396507,3.208393833,3.470386009,3.372814658,3.281405458,0,1.237067574,1.79767839,3.409854716,0,0,3.390272596,2.341303828,2.495456336,2.774431137,2.104757816
2012-03-15.csv,3.768229568,0,3.348855854,0,3.444436249,3.462594511,3.541494614,0,3.538903167,3.458465914,3.341876826,3.363475172,3.213807288,3.303524811,3.195269289,3.05365939,2.587710213,3.126524673,0.021053397,0,0,2.542790591,3.306560227,3.009202328,2.947379079,2.985265749,3.161919913,2.493130763,2.531400705,3.041508133,0.021048627,0,0,2.189368091,3.266673026,3.36725836,3.336593848,3.056204272,0.021053397,0.951101619,1.79767839,3.384308289,0,0,3.278157626,2.289326869,2.431798811,2.788851915,2.106009012
2012-04-01.csv,3.768229568,0,3.292742048,0,3.231489661,3.267542229,3.314627777,0,3.500383281,3.449429396,3.393271682,3.435609156,3.25509959,3.267103727,3.260310877,3.088618108,2.748183494,3.090580058,0.021053397,0,0,2.738269243,3.278372642,3.008181198,2.990936343,2.949406889,3.128995651,2.281285792,2.647989882,3.006782379,0.021048627,0,0,2.123542935,3.239005172,3.423119772,3.417008202,3.171418923,0.021053397,0.951101619,1.802939059,3.400263563,0,0,3.305138069,2.295220254,2.509541462,2.671538427,2.135276038
2012-04-15.csv,3.768229568,0,3.495713173,0,3.525704298,3.541038607,3.578494096,0,3.610566574,3.427405741,3.324143199,3.347804556,3.230303849,3.284539373,3.16115544,3.120729665,2.513941032,3.143286761,0.021053397,0,0,2.678450312,2.726698579,3.033466047,2.980814123,2.946586201,3.131273573,2.402448825,2.589945331,3.117060849,0.021048627,0,0,0.329964372,3.268240068,3.392313943,3.272579024,3.051126356,0.021053397,0.951101619,1.623879394,3.370452568,0,0,3.303363292,2.30834568,2.534226076,2.835127445,1.756601427
2012-05-01.csv,3.768229568,0,3.514493428,0,3.545026179,3.551915032,3.580609361,0,3.630675406,3.421058348,3.334783204,3.404292906,3.208653897,3.29074888,3.172228648,3.099879566,2.593704164,3.140953654,0.021053397,0,0,2.679869438,3.222365055,2.979118766,3.046265217,2.968051026,3.034794424,2.454526608,2.555729535,3.033677424,0.021048627,0,0,2.232197093,3.228238339,3.398406687,3.312399075,3.065709358,0.021053397,0.951101619,1.590428497,3.403813998,0,0,3.32185585,2.366104406,2.368958375,2.823033166,1.88236232
2012-05-15.csv,3.768229568,0,3.448788182,0,3.20993427,3.204611635,3.268053838,0,3.525990731,3.406380225,3.331547168,3.435811779,3.224176118,3.30238786,3.15536148,3.023055346,2.572979106,3.06949586,0.021053397,0,0,2.679569898,3.236658137,2.945775873,3.033684113,2.954420458,3.016239429,2.511132233,2.605099142,3.008129261,0.021048627,0,0,2.062750973,3.221035039,3.419260054,3.279434776,3.080241735,0,0.951101619,1.602199447,3.406254976,0,0,3.305742025,2.387024051,2.319726137,2.784965823,1.907543942
2012-06-01.csv,3.768229568,0,3.4920467,0,3.221361464,3.248529724,3.525804764,0,3.53128927,3.385147564,3.313936678,3.360095089,3.266806141,3.347781328,3.132459356,3.01281348,2.493222928,3.122135748,0.021053397,0,0,2.760703034,3.186309893,2.928326271,3.064848686,2.900681544,2.96659644,2.480579665,2.535345111,3.059754737,0.021048627,0,0,2.046423447,3.200486224,3.405051631,3.297736655,3.085158107,0,0.951101619,1.677654262,3.421275608,0,0,3.295104458,2.429694271,2.347478239,2.765959332,1.9005968
2012-06-15.csv,3.768229568,0,3.543011893,0,3.081759413,3.116036594,3.572905426,0,3.61305712,3.365482918,3.338820621,3.408389857,3.31271041,3.375574611,3.152931804,3.008746381,2.509823198,3.165912514,0.021049891,0,0,2.621958363,3.235617438,2.880549205,3.102923511,2.947881041,3.000806544,2.227535672,2.568237999,3.086302143,0.021048626,0,0,2.041119445,2.964893941,3.425725584,3.342565374,3.052941726,0,1.270912634,1.732565024,3.426924297,0,0,3.334599666,2.414810917,2.325730326,2.815033433,2.405547267
2012-07-01.csv,3.768229566,0,3.433822164,0,3.47056373,3.491775285,3.536474329,0,3.571037216,3.3536731,3.393934418,3.545514807,3.388858113,3.33020617,3.206799766,2.96234695,2.630988876,3.22356609,0.021049891,0.021053397,0,2.743184307,3.312998069,2.972475408,3.19064022,2.916160048,3.049696754,2.142808722,2.715420734,3.0332847,0.021048626,0.021048627,0,2.100752962,3.07018303,3.53969032,3.347715963,3.25966685,0,1.270912634,1.850499147,3.489671788,0,0,3.430052059,2.47184493,2.382362932,2.833419194,1.868293812
2012-07-15.csv,3.768229568,0,3.413829559,0,3.450183719,3.466968916,3.499989435,0,3.540991349,3.313017929,3.374759501,3.575279845,3.376502167,3.34407496,3.171323416,2.965631579,2.608711738,3.199985245,0.699448833,0,0,2.917205408,3.222981023,2.91786206,3.096550605,2.922141622,2.995475247,2.188793647,2.590681902,2.930352876,0.699447836,0,0,2.229271738,3.007734685,3.554362427,3.305461208,3.359699531,0,1.483433397,1.932373915,3.495717425,0,0,3.442077103,2.441004983,2.376672361,2.865329797,1.871102568
2012-08-01.csv,3.768229565,0,3.423634917,0,3.476523618,3.503793298,3.529303785,0,3.580898339,3.265018521,3.340823709,3.385438237,3.341841606,3.405511143,3.171512848,2.946245902,2.588821515,3.200507867,0.689427494,0.021053397,0,2.473751217,3.308114079,2.882673178,3.174339193,2.903468704,3.057729709,1.773082892,2.582103824,3.027891408,0.689621596,0.021048627,0,2.125300885,3.02826243,3.436521925,3.311999604,3.011540967,0.021051084,1.483433397,1.836508579,3.487390003,0,0,3.249845014,2.40562225,2.295142829,2.823149885,1.740360255
2012-08-15.csv,3.768229568,0,3.406726679,0,3.384552428,3.411648057,3.539282903,0,3.570024893,3.315026989,3.341703926,3.333475885,3.338727382,3.383317108,3.16013875,2.915992483,2.553296001,3.201652763,0.689427494,0.021053397,0,2.536403346,3.291289513,2.912051711,3.144019064,2.961447538,3.026432847,1.944899906,2.562758942,3.003391374,0.689621596,0.021048627,0,2.078889355,3.057304893,3.402680373,3.312921938,2.978606672,0.021053397,1.653033224,1.794028438,3.488659801,0,0,3.234121391,2.411861027,2.368026775,2.885625063,1.764106608
2012-09-01.csv,3.768229567,0,3.467571599,0,3.475054639,3.500628825,3.561465222,0,3.592568817,3.27751487,3.377175114,3.524839755,3.377492468,3.38462678,3.183743383,3.006391325,2.624599303,3.205900108,0.689427494,0.021053397,0,2.818832518,3.290102227,2.96447499,3.159568122,2.907052722,3.011940349,2.07515374,2.555326586,3.029900616,0.689621596,0.021048627,0,1.973217953,3.075847753,3.512185333,3.288196026,3.316457417,0,1.483433397,1.945954534,3.522215311,0,0,3.390235024,2.446642253,2.309428209,2.861736119,1.730682773
2012-09-15.csv,3.768229568,0,3.460208288,0,3.478062696,3.502074564,3.536947779,0,3.587469731,3.239910007,3.379835011,3.498845506,3.392201348,3.394659027,3.175956495,3.01061377,2.585076094,3.203510396,0.689427494,0.021053397,0,2.776496323,3.296835062,2.961175226,3.172379106,2.984149794,3.026263679,1.881085742,2.59543505,2.962553478,0.689621596,0.021048627,0,1.865968371,3.064491618,3.515185143,3.306075542,3.288495361,0,1.483433397,1.933917652,3.509859969,0,0,3.389987836,2.361425424,2.222851657,2.990571862,1.705537482
2012-10-01.csv,3.768229568,0,3.403588833,0,3.403224686,3.422607809,3.554881065,0,3.563212976,3.201675107,3.399779579,3.555695266,3.408861925,3.42380097,3.20158833,3.008788932,2.59057728,3.230066599,1.086781019,0.021053397,0,2.821968606,3.333294199,2.926245745,3.216147059,2.995703085,3.120932492,2.022314677,2.671612325,3.076788182,0.961770836,0.021048627,0,2.022188649,3.190061007,3.556926365,3.320335896,3.400581165,0.021053397,1.537900323,1.942658163,3.520560192,0,0,3.400472725,2.453103595,2.237035406,2.93978184,1.7090679
2012-10-15.csv,3.768229568,0,3.448331796,0,3.438272161,3.463405563,3.546462148,0,3.5789715,3.16211439,3.410163314,3.525031726,3.391883789,3.421182908,3.224755763,2.998741631,2.6342542,3.235883205,1.369553206,0,0,2.93550416,3.34304553,2.91394322,3.198762358,2.964252531,3.116811659,1.700321746,2.668459046,3.075926217,1.234965024,0,0,2.177044989,3.187518944,3.528520068,3.335410957,3.287626247,0.021053397,1.483433397,1.934946297,3.504230201,0,0,3.404788311,2.515814945,2.246668952,2.883072542,1.641237178
2012-11-01.csv,3.768229568,0,3.274523468,0,3.293098627,3.321864452,3.434174916,0,3.501509456,3.114845374,3.409860356,3.512579973,3.398660218,3.428950865,3.22319444,2.980625703,2.617972989,3.232386805,1.369553206,0,0,3.01211709,3.342930268,2.893325203,3.177608646,2.973156572,3.112279366,1.99768198,2.646654564,3.078330089,1.234965024,0,0,2.113573883,3.183266251,3.539513342,3.32956591,3.30941399,0,1.270912634,1.944759933,3.520291912,0,0,3.403977522,2.440938529,2.248441527,2.921442196,1.66967404
2012-11-15.csv,3.768229568,0,3.290881195,0,3.322161075,3.337537945,3.456287935,0,3.496773543,3.056571225,3.415711884,3.530527755,3.381159676,3.380073785,3.239284146,3.066874124,2.693001294,3.258573481,1.525075219,0,0,3.007280558,3.326577033,2.949168447,3.138634995,2.960648818,3.100610626,1.641939709,2.676860953,3.090662585,1.379262434,0,0,2.134950364,3.104017942,3.546877167,3.330285302,3.329510929,0,1.313833569,1.958037972,3.51034582,0,0,3.411280012,2.539644706,2.342088747,2.964736569,1.751291262
2012-12-01.csv,3.768229565,0,3.112302601,0,3.31647942,3.346448341,3.395405778,0,3.402439027,3.009606286,3.339890501,3.545670562,3.31076607,3.298259907,3.108535136,2.966693521,2.533664929,3.089463052,1.288050725,0,0,2.877359762,3.244155614,2.898263209,3.085260974,2.867150237,2.887520626,2.336429398,2.481938953,2.93262094,1.137687324,0,0,2.163698511,3.091872049,3.525434549,3.353285079,3.277282982,0,1.270912634,1.716507845,3.468971902,0,0,3.373415334,2.444278308,2.057562025,2.687520935,2.099542868
2012-12-15.csv,3.768229568,0,3.361752796,0,3.410116891,3.413234995,3.477012408,0,3.56442483,3.035424561,3.42224763,3.529470284,3.374142942,3.380073785,3.248071842,3.146064509,2.718972193,3.20542809,1.369553206,0,0,2.918977459,3.351060053,2.921292612,3.057941962,2.642228991,3.150236525,1.853565535,2.751195236,3.074122038,1.234965024,0,0,2.195185885,3.040637967,3.555681026,3.319388359,3.271934756,0,1.313833569,1.915228878,3.508645537,0,0,3.394065303,2.507892273,2.331626173,2.77696868,1.751834288
2013-01-01.csv,3.768229568,0,3.295874029,0,3.404635155,3.429191898,3.528907729,0,3.542787655,3.049742388,3.401521562,3.595125232,3.365957119,3.378965081,3.210058249,3.147791153,2.654600668,3.20260854,1.525075219,0,0,2.997901089,3.350050688,2.889961005,3.146619312,2.935094701,3.116926838,1.320819549,2.681218882,3.071816181,1.346017609,0,0,2.178596859,3.051165019,3.589805909,3.28733746,3.355278725,0.021053397,1.313833569,1.840194763,3.504061316,0,3.237753436,3.027802723,2.532155213,2.245037785,2.749064397,1.743297307
2013-01-15.csv,3.768229568,0,3.25295511,0,3.33816557,3.336312138,3.444135283,0,3.505113054,3.030579356,3.405385824,3.594277156,3.373474724,3.384166127,3.206566278,3.113582414,2.669754452,3.251147862,1.513315808,0,0,2.966224584,3.329167948,2.88497853,3.152673198,2.966880892,3.097117019,1.255694655,2.676218104,3.101838501,1.475887768,0,0,2.122014737,3.068270687,3.585935262,3.311483929,3.357605847,0,1.511600924,1.80033144,3.514928554,0,3.283410067,3.025966097,2.548258414,2.263209183,2.820232445,1.743376446
2013-02-01.csv,3.768229567,0,3.457637786,0,3.462637933,3.472716642,3.55051012,0,3.599007194,2.97915212,3.417645864,3.575736614,3.370793953,3.398945483,3.226605426,3.067088789,2.693430972,3.275390536,1.525075219,0,0,2.897234822,3.194227947,2.917053935,3.145233034,3.006231799,2.893699514,2.137703288,2.366677503,3.135313377,1.340073392,0,0,2.190688307,3.066141018,3.577143442,3.303116769,3.318921118,0,1.511600924,1.67013023,3.516116311,0,0,3.287144227,2.556210114,2.285335362,2.754625521,1.773419731
2013-02-15.csv,3.768229567,0,3.432805861,0,2.970680514,3.006819534,3.085553652,0,3.202866646,2.903176812,3.430432549,3.59741735,3.368011868,3.392920598,3.243875883,3.135125789,2.722814113,3.283036479,1.525075219,0,0,2.907591694,3.248316252,2.877124334,3.172590607,2.987204189,2.958416836,1.082902336,2.455087773,3.115657248,1.340073392,0,0,2.167917484,3.075278379,3.581356767,3.325976082,3.350299428,0,1.511600924,1.856742881,3.501183743,0,0,3.352304628,2.565975914,2.351239547,2.750790683,1.808609233
2013-03-01.csv,3.768229568,0,3.428154965,0,3.46953337,3.482972857,3.577133755,0,3.585685579,2.83675605,3.437073722,3.57727151,3.352119525,3.380499955,3.245023842,3.16045787,2.728138477,3.299770054,1.664525522,0,0,2.995834729,3.281081708,2.88972316,3.17352853,3.014173451,3.010189439,2.269590334,2.594357852,3.056523918,1.45780705,0,0,2.126258693,3.070778662,3.586267404,3.297663215,3.345222675,0,1.84507623,1.943178509,3.504522346,0,0,3.353587715,2.722823341,2.318796322,2.85132796,1.841392801
2013-03-15.csv,3.768229568,0,3.460382909,0,3.323990191,3.34392863,3.460925721,0,3.565679145,2.759259625,3.448803039,3.584814434,3.360013896,3.374809786,3.263944474,3.164059036,2.723249987,3.322691692,1.664525522,0,0,2.984272895,3.219804772,2.873202868,3.155004546,3.007232892,2.911809308,2.253782839,2.481179222,3.036563724,1.45780705,0,0,2.06223731,3.116088461,3.584544383,3.341811628,3.353212869,0,1.731923519,1.985392287,3.495071416,0,0,3.456060579,2.72719837,2.46313757,2.848903153,1.913293823
2013-04-01.csv,3.768229568,0,3.438736035,0,3.43359526,3.453532463,3.499172974,0,3.54199686,2.758604306,3.43164124,3.560331314,3.337583254,3.334748187,3.247862483,3.094679348,2.740417777,3.328676025,1.653032943,0,0,3.074616823,3.263503438,2.835390514,3.17178187,2.917707049,3.013610316,1.917436112,2.630021546,3.029989816,1.474470337,0,0,2.249655908,3.043820963,3.591098395,3.28635231,3.332434367,0,1.731923519,1.947071873,3.483028814,0,0,3.435405342,2.629809944,2.381391224,2.843399848,1.975277889
2013-04-15.csv,3.768229567,0,3.268267166,0,3.170309627,3.204641883,3.264302433,0,3.435659307,2.785515793,3.454012314,3.574962053,3.347418481,3.383715258,3.280804397,3.125432237,2.808640533,3.321557981,1.653032943,0,0,2.974304088,3.208983573,2.864677481,3.191811428,2.919530422,2.954122948,1.057563474,2.625784341,3.041641816,1.474470337,0,0,2.053920052,3.097903773,3.58700123,3.313552378,3.322117208,0,1.719258015,1.902781896,3.507585673,0,0,3.439032512,2.656075426,2.416167063,2.86622683,1.930422096
2013-05-01.csv,3.768229567,0,2.917033094,0,3.195117946,3.235834302,3.320354897,0,3.307878897,2.76196851,3.45706086,3.585125784,3.389261816,3.404327519,3.277752064,3.132982591,2.749282166,3.342443107,1.525075219,0,0,2.917629299,3.306081968,2.968862376,3.216432534,2.935379143,3.088465972,0.908184239,2.902702331,3.001631614,1.353192128,0,0,2.086142991,3.198016423,3.580312991,3.30960719,3.29899311,0.021053397,1.731923519,1.948371959,3.539082201,0,0,3.448461686,2.668203943,2.317118461,2.90230754,1.954680129
2013-05-15.csv,3.768229567,0,3.387801204,0,3.308122818,3.332506527,3.394347184,0,3.532250014,2.697400253,3.416735123,3.537271414,3.403586031,3.437376997,3.205566833,3.139707735,2.701854215,3.297107792,1.653032943,0,0,2.895652645,3.280708564,2.988512594,3.17484315,2.924474451,3.064398183,1.613068595,2.786382608,2.999071989,1.519197559,0,0,1.611718644,3.187835076,3.587273007,3.239048939,3.361431884,0.644021569,1.731728698,2.154407354,3.548528743,0,0,3.453831936,2.620990391,2.290086897,2.909329197,1.80153085
2013-06-01.csv,3.768229566,0,3.384664446,0,3.389143038,3.414694291,3.496098299,0,3.554459134,2.66704945,3.424014034,3.624765007,3.419141497,3.412388185,3.196748756,3.080064713,2.654387037,3.283012711,1.653032943,0,0,3.031068443,3.361462235,2.937598433,3.271876995,2.943203821,3.156249289,1.529759271,2.808235569,3.012787289,1.522633416,0,0,2.175956707,3.130535505,3.594006821,3.253090524,3.423942292,0,1.719258015,2.082473117,3.538273962,0,0,3.490104139,2.668890879,2.454331321,2.907953521,1.707707067
2013-06-15.csv,3.768229568,0,3.343365574,0,3.042203181,3.094887397,3.367405573,0,3.51168198,2.701449251,3.41654092,3.607132304,3.402903402,3.365424415,3.183771139,3.148155379,2.670302211,3.29243166,1.653032943,0,0,3.077363225,3.332147954,2.9493732,3.224016788,2.864016032,3.125831628,2.107553269,2.777863898,3.0277887,1.522633416,0,0,2.255343093,3.172110624,3.59124387,3.226085087,3.448808298,0,1.719258015,2.235050731,3.532077985,0,0,3.501149326,2.669813655,2.333613826,2.875154445,1.784701789
2013-07-01.csv,3.768229566,0,3.557341199,0,3.508110888,3.523404882,3.621166114,0,3.662323256,2.686913545,3.487925333,3.578729358,3.430158419,3.424511571,3.283893543,3.113899794,2.804527418,3.223907624,1.653032943,0,0,3.048587862,3.364770143,2.875779455,3.210712991,2.954122504,3.16791593,1.682323453,2.831271975,2.897500264,1.522633416,0,0,2.140673003,3.177825314,3.589105194,3.268236088,3.397816767,0,1.731923519,2.28558554,3.541710092,0,0,3.479652864,2.646629854,2.511275682,2.905994044,1.799565155
2013-07-15.csv,3.768229567,0,3.44843644,0,3.499847915,3.502801967,3.527366701,0,3.576949672,2.635702454,3.49393795,3.583878931,3.428803849,3.404686149,3.286656842,3.095434416,2.812670375,3.228587481,1.653032943,0,0,2.973265032,3.387518719,2.904651533,3.225492785,2.941792367,3.194386906,2.288168059,2.891896839,2.931669117,1.522633416,0,0,2.237987028,3.197312384,3.582710031,3.295604012,3.409190718,0,1.731923519,2.18984361,3.554527741,0,0,3.450014175,2.637805842,2.492894054,2.902403848,1.819044221
2013-08-01.csv,3.768229568,0,3.351847075,0,3.222240439,3.248777046,3.431524394,0,3.488186354,2.534068938,3.48722691,3.589763266,3.432554266,3.3733433,3.276060923,3.132261118,2.769935799,3.296188452,1.775991976,0,0,3.03244754,3.338449182,2.898043296,3.220882511,2.863908017,3.146189915,1.294935899,2.845456091,3.020635412,1.668592569,0,0,2.311547692,3.170030745,3.578466245,3.30007091,3.408398495,0,1.719258015,2.202298544,3.56946431,0,0,3.486611629,2.608747975,2.567062858,2.897941468,
2013-08-15.csv,3.768229568,0,2.909545325,0,3.025997637,2.907865722,3.171000167,0,3.212207736,2.43927966,3.493991638,3.572750097,3.415365967,3.404686149,3.278737539,3.142749163,2.756719233,3.291726644,1.775991976,0,0,2.944861618,3.405804622,2.871190877,3.255472772,2.939991252,3.190468299,1.596718844,2.786978522,3.004783572,1.668592569,0,0,2.316500087,3.175916531,3.583840719,3.322523048,3.376812064,0.021053397,1.731923519,2.190643212,3.560309943,0,0,3.484706198,2.693285354,2.537466961,2.905842741,
2013-09-01.csv,3.768229568,0,3.241048723,0,3.329341715,3.045066255,3.424681379,0,3.495294413,2.398316943,3.48926675,3.540877904,3.393495746,3.45496587,3.262185664,3.174864567,2.712049046,3.284358871,1.992007819,0,0,3.015697927,3.392423273,2.850695878,3.163650648,2.92172427,3.171454559,1.761505258,2.778230062,3.001727756,1.992631041,0,0,2.228323716,3.166613744,3.594862837,3.298056708,3.413018538,0.021053397,1.997889236,2.199852781,3.561611002,0,0,3.491116658,2.695563794,2.54613518,2.932945555,
2013-09-15.csv,3.768229568,0,3.170848646,0,3.362367691,3.072572948,3.452489982,0,3.467939082,2.415142519,3.497567441,3.555039005,3.399008259,3.445402163,3.264527802,3.156454448,2.732186536,3.276098007,2.019911438,0,0,3.045523688,3.431337138,2.875347368,3.222560422,2.799215042,3.224034142,1.641230755,2.88119554,3.051439296,1.938732466,0,0,2.15615738,3.191265177,3.598472866,3.305200254,3.427615969,0.021053397,2.000819048,2.197914644,3.554926919,0,0,3.478839245,2.765489075,2.573523801,2.938713974,
2013-10-01.csv,3.768229568,0,3.371273347,0,3.443877418,3.120696161,3.542244741,0,3.571899199,2.374907492,3.482228483,3.540793793,3.37205595,3.434117039,3.25641893,3.125100695,2.720181588,3.299535428,1.992007819,0,0,3.084496267,3.339469772,2.87235809,3.191307706,2.764220308,3.152963926,1.368142853,2.895861633,3.051106962,1.755531267,0,0,2.23010009,3.219698304,3.600324437,3.30088415,3.460315069,0,1.997889236,2.16460421,3.554892616,0,0,3.498267861,2.760244655,2.579831069,2.900636874,
2013-10-15.csv,3.768229567,0,3.528899741,0,3.518239935,3.476275923,3.577842106,0,3.632815027,2.338601432,3.46693978,3.482875356,3.365953145,3.436580306,3.25832655,3.131812176,2.737142854,3.283484531,2.019911438,0,0,3.058904303,3.373425999,2.682596042,3.16567754,2.793297066,3.241182611,1.57547106,2.901051319,3.02476003,1.763074876,0,0,2.265973412,3.200446594,3.602796144,3.277117717,3.434172154,0,2.000819048,2.18105989,3.490111316,0,0,3.508809529,2.664818341,2.531655662,2.940004163,
2013-11-01.csv,3.768229566,0,3.542841727,0,3.52442443,3.471416781,3.567851559,0,3.650826326,2.313088757,3.494932116,3.542032999,3.398128126,3.43390435,3.268794093,3.196075393,2.740138925,3.257561256,1.992007819,0,0,3.054495862,3.347666807,2.884271117,3.175063056,2.801566166,3.159645501,1.425625946,2.884068991,2.863680753,1.878608531,0,0,2.240293983,3.170302393,3.606208013,3.295748685,3.431886195,0.021053397,2.000819048,2.164243837,3.551134002,0,0,3.522653774,2.849282503,2.496438836,2.971574503,
2013-11-15.csv,3.768229567,0,3.389517949,0,3.510037639,3.473330092,3.609210742,0,3.567706521,2.362695692,3.528742729,3.587195427,3.41594993,3.409980645,3.325067539,3.181926076,2.875594707,3.197166552,1.992007819,0,0,3.124098954,3.43000377,2.903053502,3.23002845,2.813059308,3.264909469,1.786467025,3.006139042,2.882162133,1.878608531,0,0,2.127482355,3.23570515,3.607366754,3.363007672,3.422056931,0,1.874543907,2.074210691,3.54425504,0,0,3.539005094,2.767144461,2.488250724,2.934018793,
2013-12-15.csv,3.768229567,0,3.517247558,0,3.581337729,3.510379502,3.603696514,0,3.620169701,2.453079842,3.506411553,3.53909171,3.407632793,3.48003246,3.290079884,3.144250842,2.749067306,3.328850047,1.888489184,0,0,3.076708997,3.298455603,2.868057574,3.200817119,2.80269432,3.077831694,1.527301491,2.771200126,2.912998925,1.734949736,0,0,2.233889095,3.168915026,3.602652074,3.336642114,3.450668567,0,1.951333308,2.124866895,3.541730493,0,0,3.509324338,2.739987226,2.628455341,2.932986219,
