# date,startedDateTime,TTFB,renderStart,onContentLoaded,onLoad,fullyLoaded,visualComplete,PageSpeed,SpeedIndex,rank,reqTotal,reqHtml,reqJS,reqCSS,reqImg,reqGif,reqJpg,reqPng,reqFont,reqFlash,reqJson,reqOther,bytesTotal,bytesHtml,bytesJS,bytesCSS,bytesImg,bytesGif,bytesJpg,bytesPng,bytesFont,bytesFlash,bytesJson,bytesOther,bytesHtmlDoc,numDomains,maxDomainReqs,numRedirects,numErrors,numGlibs,numHttps,numCompressed,numDomElements,maxageNull,maxage0,maxage1,maxage30,maxage365,maxageMore,gzipTotal,gzipSavings
2011-05-16.csv,3.768229568,3.559496199,3.62452898,0,3.579431694,3.616110983,3.590199835,3.766249328,3.631642805,0,3.491688982,3.449058836,3.464869542,3.478730836,3.419421765,3.252203916,2.878781775,3.349385736,0.021053397,2.323366563,0,3.000466214,3.45606526,3.484927564,3.498551753,3.262894308,3.325154156,3.093566746,2.99309641,2.789910831,0.021048627,1.785374403,0,1.298746348,3.469933057,3.577439689,3.460550878,2.577930131,0,1.5685026,1.748469478,3.474555129,3.324892048,0,3.415118155,2.620234856,2.655580126,2.794774389,2.150731695,3.46423292,2.273351288
2011-06-01.csv,3.768229568,3.567874816,3.60758095,0,3.594731967,3.622792659,3.616722318,3.766514533,3.656443929,0,3.514750116,3.398105744,3.495415435,3.486646191,3.441598689,3.2474528,2.974411993,3.344437087,0.021053397,2.414604531,0,2.98709476,3.498345503,3.505625716,3.518626391,3.257182689,3.362711705,3.029135741,3.079165184,2.73268606,0.021048627,2.352100204,0,1.3839897,3.503767266,3.580549691,3.480674617,2.624224994,0.699450397,1.662356326,1.565562199,3.454272027,3.345106029,0,3.434411508,2.71324342,2.680283781,2.791986684,2.111587508,3.485456183,2.336364924
2011-06-15.csv,3.768229568,2.944808737,3.406558431,0,3.402166075,3.475049528,3.509971435,3.766475287,3.513481298,0,3.496443302,3.449002349,3.473376568,3.501601862,3.425698252,3.287064164,2.942053227,3.343788678,0.021053397,2.419897304,0,2.940616475,3.476201251,3.493603674,3.51536279,3.257319876,3.337364184,3.065386331,3.060634821,2.723372339,0.021048627,2.182247522,0,1.562621752,3.500967456,3.57025457,3.464342916,2.637126499,0.021053397,1.5685026,1.532197928,3.455307124,3.34801799,0,3.398486929,2.770268238,2.658796562,2.776347094,2.12696168,3.478141327,2.344978774
2011-07-01.csv,3.768229567,2.721187092,3.434936295,0,3.467198044,3.509932449,3.487026251,3.76649422,3.513256984,0,3.474876969,3.396421502,3.475132725,3.504934476,3.396103876,3.278705415,2.925348354,3.346363781,0.021053397,2.376528477,0,3.052606314,3.470477438,3.462297549,3.516645423,3.276773414,3.32480785,3.132484751,3.038489177,2.799754519,0.021048627,2.318485384,0,1.796604427,3.504591138,3.547621565,3.472958475,2.773309721,0.021053397,1.732009668,1.619524489,3.455080544,3.315140194,0,3.435233547,2.801917195,2.678955986,2.864839197,2.141619569,3.455496364,2.458488765
2011-07-15.csv,3.768229567,2.862258882,3.429275269,0,3.491740538,3.323462972,3.292151453,3.766544643,3.498052403,0,3.495726886,3.380050323,3.455855388,3.489963276,3.445994776,3.239587177,3.04690024,3.36096824,0.021053397,2.313254228,0,2.960890094,3.475866208,3.454004786,3.495389915,3.25022227,3.364776733,2.903870816,3.159151055,2.806658935,0.021048627,2.152564017,0,1.376516569,3.499710702,3.566035943,3.465062283,2.752478862,0,1.781432052,1.436055125,3.466117025,3.337707414,0,3.419397293,2.797386137,2.770850285,2.842227832,2.132723048,3.411263931,2.43655444
2011-08-01.csv,3.768229568,3.100500538,3.526942,0,3.566995064,3.599479253,3.549758781,3.766422396,3.562455645,0,3.491561913,3.368685947,3.467070458,3.476962258,3.416504978,3.268939015,2.956755313,3.348359883,0.021053397,2.524854252,0,3.040092846,3.479447381,3.46809446,3.461721012,3.274494251,3.328819445,3.015464109,3.051675209,2.74911796,0.021048627,2.309985361,0,1.323205697,3.510371874,3.562048221,3.480587126,2.818396509,1.096287778,1.732009668,1.838018172,3.493333141,3.346995124,0,3.453685854,2.769484661,2.724645632,2.853880278,2.218579464,3.444075756,2.337040455
2011-08-15.csv,3.768229568,2.958710156,3.46623199,0,3.486998753,3.481956839,3.46466214,3.766459561,3.537750071,2.213719929,3.501177795,3.357151769,3.4657453,3.475268453,3.441752649,3.276232468,2.968780685,3.380870717,0.021053397,2.701501635,0,3.008390561,3.444609489,3.441270888,3.48077911,3.257384644,3.358728806,3.036252538,3.048816383,2.804839442,0.021048627,2.463972869,0,1.184152939,3.510576676,3.551441549,3.494570604,2.773333435,0.021053397,1.915466514,1.769697401,3.505288318,3.357596865,0,3.46728361,2.76295864,2.71746883,2.880375283,2.198633015,3.366955522,2.408935883
2011-09-01.csv,3.768229568,2.944973243,3.472236808,0,3.425628294,3.355167562,3.364677519,3.766347242,3.511735864,0,3.504208621,3.344166149,3.4638949,3.486681138,3.459166339,3.241339394,3.07271735,3.373980186,0.644021569,2.105257274,0,2.932423567,3.45856105,3.438213942,3.47142108,3.279873836,3.339110072,2.547676235,3.105491214,2.771483396,0.688536411,2.155201199,0,1.494908718,3.484782497,3.547219613,3.486914405,2.799776004,0,1.865816659,1.919745283,3.497811127,3.365386076,0,3.425377125,2.782636189,2.75981829,2.846006636,2.342443059,3.433996776,2.376233971
2011-09-15.csv,3.768229568,3.044904887,3.515378252,0,3.518741591,3.555925377,3.531774011,3.766268909,3.559419835,0,3.483241056,3.395445423,3.448385677,3.476611466,3.409719567,3.233845186,2.90371538,3.429707893,0.644021569,2.310252014,0,2.979176117,3.47847322,3.491758635,3.487419749,3.275900837,3.342558479,3.13472356,3.000883201,2.877639212,0.688536411,2.132182236,0,1.09045996,3.518517094,3.557721551,3.47577174,2.849956725,0.021053397,1.629500478,1.913469503,3.500986154,3.348565347,0,3.456750955,2.825414683,2.684622604,2.827433779,2.351876684,3.431466043,2.285464708
2011-10-01.csv,3.768229568,2.989162647,3.454174053,0,3.464406054,3.503551901,3.462342416,3.766611997,3.519435343,0,3.497807609,3.334021755,3.448931436,3.496810188,3.428269589,3.243952043,2.88506363,3.462481141,0.644021569,2.319611432,0,3.053138306,3.488039567,3.505422274,3.464737229,3.274628576,3.379251544,3.184894118,2.996018161,2.928330571,0.688796661,2.138905429,0,1.291330633,3.4922591,3.572758627,3.483280437,2.873821728,0.699450397,1.888977095,2.034637413,3.482201868,3.335153793,0,3.421513231,2.775222434,2.672129716,2.866572699,2.423032056,3.387219796,2.230177995
2011-10-15.csv,3.768229568,3.003695253,3.424884123,0,3.44940435,3.49171898,3.460306221,3.766696559,3.521056675,0,3.510772843,3.401186745,3.474182025,3.4744571,3.435932501,3.278637642,2.906997497,3.465617689,0.727162443,2.18493287,0,3.136067675,3.445588508,3.477314622,3.508494717,3.255961331,3.310344586,3.043894623,2.953377287,2.899920896,0.699943238,2.089835698,0,0.670266686,3.496415608,3.58040216,3.494283643,2.93939001,0.021053397,1.930792315,2.039071681,3.517980455,3.328794431,0,3.511904116,2.768849334,2.696289128,2.860832881,2.373039992,3.335487773,2.201571539
2011-11-01.csv,3.768229568,3.414467211,3.624178142,0,3.569542661,3.594952349,3.56898209,3.763261188,3.640867831,3.532107184,3.494270256,3.390850002,3.459038047,3.498061193,3.43253242,3.306557211,2.930144322,3.453480222,1.01093447,2.328910795,0,3.10383114,3.441469822,3.452239408,3.485809248,3.243779097,3.299631408,3.088600838,2.940979959,2.893198205,0.996881184,1.89111779,0,1.770815715,3.506519857,3.552271306,3.486415136,2.879239387,0.021053397,1.949311633,2.136957474,3.510798531,3.31981511,0,3.475226944,2.757019268,2.71784845,2.851768096,2.404869252,3.440928019,2.267923581
2011-11-15.csv,3.768229568,2.918139353,3.463172748,0,3.531633662,3.566813272,3.542970022,3.763727453,3.538376384,3.52468884,3.493892761,3.322881751,3.464952775,3.483223568,3.427181254,3.24316384,2.923144446,3.477437009,1.01093447,2.435739067,0,3.107948937,3.460814556,3.408189413,3.510800658,3.332798194,3.345561783,3.026874205,2.926037125,2.966082349,0.996881184,2.369403129,0,1.445010936,3.476479867,3.550917852,3.504015841,2.9081978,0.699450397,1.930792315,2.181857311,3.506174195,3.324087371,0,3.450008741,2.801699576,2.715322573,2.846875477,2.347457481,3.415582737,2.441990712
2011-12-01.csv,3.768229568,2.623820849,3.332896384,0,3.432887576,3.475414473,3.447967471,3.76359978,3.463887777,3.511995843,3.50651046,3.36055481,3.439800704,3.465748326,3.427144683,3.247399574,2.909323844,3.461778737,1.01093447,2.652922756,0,3.12477848,3.415945837,3.463346046,3.512642608,3.312034338,3.283813537,2.978113714,2.833899331,2.952144293,0.996881184,2.366022799,0,1.456602785,3.49437192,3.567376155,3.493484504,2.927151547,0.699450397,1.888977095,2.185002811,3.489572705,3.340373189,0,3.458792319,2.858132234,2.656017517,2.851840805,2.40426337,3.473202507,2.551937715
2011-12-15.csv,3.768229568,3.100821512,3.464956878,0,3.572848648,3.602327418,3.554974933,3.763725975,3.552235395,3.507592865,3.491316365,3.272954798,3.449365815,3.455586084,3.424170991,3.215126397,2.925001551,3.471855778,1.01093447,2.324602105,0,3.075922961,3.442145006,3.456571057,3.465306887,3.35915452,3.35575628,2.972930527,2.920983652,2.996532078,0.996881184,2.212832169,0,0.959565175,3.488280562,3.548715638,3.508542989,2.843167485,0.021053397,1.790625578,2.219640434,3.47764783,3.415988508,0,3.377442929,2.855461079,2.627765645,2.949176407,2.267496237,3.41443661,2.387896744
2012-01-01.csv,3.768229568,3.389386472,3.528627102,0,3.558391777,3.594372791,3.554709448,3.763639618,3.583940013,3.497179394,3.53243843,3.312279758,3.472763988,3.485378886,3.492630238,3.226561943,3.142834401,3.486962015,1.01093447,2.379990558,0,2.934895838,3.528877975,3.459724269,3.486022419,3.356559814,3.436703016,2.962713591,3.123869521,3.000081123,0.996881184,2.249380912,0,1.846214797,3.496682215,3.543248932,3.501202262,2.857460854,0.510805188,1.792062908,2.264937336,3.492250191,3.432040675,0,3.434734588,2.803425706,2.77017754,2.973868784,2.376953924,3.465684873,2.567002338
2012-01-15.csv,3.768229568,3.094118292,3.496666694,0,3.49736982,3.536308697,3.496463644,3.763792718,3.541326322,3.49299969,3.526227783,3.31656778,3.487338526,3.491322198,3.484916689,3.239051103,3.098753322,3.502660487,1.270912634,2.345025109,0,3.130343978,3.474714377,3.44035939,3.475410005,3.319343322,3.373770653,2.6604454,3.012515413,2.947016699,0.968162118,2.01481602,0,1.765856875,3.519689829,3.538163416,3.508412074,2.757367389,0.021053397,1.761447534,2.300432015,3.51348374,3.439062883,0,3.408526817,2.906545698,2.836912253,2.970084436,2.330582848,3.443965649,2.570499005
2012-02-01.csv,3.768229568,2.81628444,3.381017213,0,3.50671402,3.54475427,3.511756783,3.764050092,3.484083414,3.478489255,3.527045124,3.311594569,3.487059014,3.490262534,3.489433704,3.284274707,3.116626665,3.500475506,1.270912634,2.388741047,0,2.92952092,3.481809729,3.479417576,3.472370332,3.335856061,3.414665574,2.555134843,3.070553286,3.043682226,0.968162118,2.377217888,0,0.57321569,3.494125275,3.481692002,3.524695217,2.619214357,0.644021569,1.73172837,2.311563524,3.534598432,3.440980967,0,3.375844818,2.912565629,2.756894454,2.974434308,2.272184019,3.344013625,2.602389897
2012-02-15.csv,3.768229568,3.238008435,3.522386394,0,3.574234939,3.601607418,3.566914297,3.764110314,3.579484135,3.458655645,3.511819749,3.285624917,3.442679589,3.481741831,3.480797981,3.272396024,3.13314715,3.476905831,1.145660787,2.13676602,0,3.034619447,3.484152655,3.469317173,3.449639547,3.382285656,3.422008193,2.893038874,3.160784262,3.013232384,0.844483794,2.057559607,0,1.842296499,3.492778887,3.464392186,3.529860467,2.683266782,0.699450397,1.732807542,2.249275287,3.504962059,3.452194127,0,3.369000851,2.873132594,2.748777357,2.974680925,2.227591565,3.441199547,2.620636658
2012-03-01.csv,3.768229568,3.593573881,3.603080338,0,3.58397526,3.608090578,3.585236154,3.764326059,3.639500554,3.458465914,3.500449799,3.267863294,3.442360876,3.491145339,3.472732311,3.259504683,3.13107705,3.483660729,1.324884384,2.291341694,0,3.016888552,3.425717508,3.419593768,3.431491404,3.368192004,3.372088415,3.040695694,3.052365106,2.990324581,1.16938058,2.25180764,0,1.241671237,3.462420393,3.447554661,3.521285351,2.594539904,0.021053397,1.701591365,2.289156764,3.497030604,3.448853021,0,3.500449799,0,0,0,0,3.413138789,2.570618566
2012-03-15.csv,3.768229568,2.798257533,3.357128532,0,3.503003945,3.53889758,3.482236628,3.764087374,3.477808469,3.449429396,3.500161879,3.293620656,3.400606031,3.494219725,3.469046292,3.260154429,3.114548691,3.498575296,1.324884384,2.32776094,0,2.98016462,3.447556429,3.442860608,3.422345431,3.362870812,3.34155524,2.546026549,3.055467409,2.994473858,1.16938058,2.378580834,0,1.142105156,3.475413099,3.430339509,3.517587387,2.618138262,0.021053397,1.569555695,2.313356114,3.483438186,3.455101074,0,3.296650673,2.884903215,2.803536301,2.959354957,2.134338081,3.408935115,2.633102873
2012-04-01.csv,3.768229568,2.504132867,3.217212746,0,3.430145595,3.331438125,3.397252763,3.765788245,3.370898174,3.427405741,3.519172839,3.315030447,3.426068888,3.516359773,3.500770204,3.315492748,3.200982983,3.431267541,1.096287778,2.220362284,0,3.027179326,3.390726485,3.440343875,3.410215568,3.328091171,3.29323251,1.873306651,3.166913687,3.233277574,1.043706547,1.92204329,0,1.108053622,3.471478906,3.484574806,3.538651841,2.691253748,0.699450397,1.580570558,2.025790929,3.484311641,3.455578514,0,3.358146248,2.913499225,2.809670097,3.01588189,2.234805306,3.387103477,2.714388619
2012-04-15.csv,3.768229568,3.634104065,3.629588931,0,3.534427793,3.568192974,3.568641836,3.765715818,3.630517706,3.421058348,3.532764491,3.307659428,3.465404753,3.519817716,3.499769754,3.283403673,3.18593796,3.435140018,1.096287778,2.082737194,0,3.16642454,3.3622869,3.428186682,3.428800398,3.328076872,3.164816958,3.002193286,2.988748037,2.94837406,1.043706547,2.22151583,0,1.358019467,3.4570973,3.511027244,3.526410687,2.809237304,1.377848543,1.598234526,2.045107263,3.509307055,3.453715349,0,3.439203894,2.852153581,2.818536189,3.041443205,2.258312359,3.393062313,2.440168385
2012-05-01.csv,3.768229568,3.628805415,3.637421126,0,3.580490085,3.612387004,3.598939582,3.765499317,3.665752318,3.406380225,3.524515301,3.286604135,3.458632648,3.530607902,3.4877751,3.264997509,3.221205978,3.422896139,1.096287778,1.968763068,0,3.059260937,3.449141607,3.421612111,3.44533142,3.329601793,3.348105084,3.045347412,3.119711682,3.237230542,1.043706547,1.990360425,0,1.050845304,3.457368764,3.466812331,3.518148764,2.586309117,0.699450397,1.556815677,1.9714494,3.504793381,3.418173531,0,3.342615575,2.856012223,2.765367342,3.001721924,2.284724977,3.392931673,2.308525384
2012-05-15.csv,3.768229568,3.609082367,3.642567349,0,3.560961829,3.594480179,3.570844992,3.765154921,3.670163155,3.385147564,3.52187564,3.322416623,3.463529151,3.456953067,3.480525066,3.254467731,3.171995359,3.438285313,1.096287778,2.260617673,0,3.047705589,3.415540366,3.385825442,3.443105723,3.357305741,3.303688252,3.068470818,3.113631892,3.059496328,1.043706547,2.045736666,0,1.134749889,3.441242482,3.461332723,3.516104057,2.542588209,0.021053397,1.569555695,2.031981561,3.493585363,3.419751636,0,3.350331601,2.892254497,2.734905934,3.010359791,2.25672055,3.34656085,2.426324128
2012-06-01.csv,3.768229568,3.633583526,3.581954555,0,3.559788493,3.584718149,3.585176119,3.765020916,3.635940534,3.365482918,3.544401424,3.4178553,3.492398979,3.48269727,3.474962055,3.276875392,3.156308243,3.443919233,1.324884384,2.232159609,0,3.204639595,3.394925989,3.475774416,3.445313273,3.31002611,3.307745645,3.011730532,3.075644792,3.215218745,1.16938058,2.312552871,0,1.288907936,3.488737961,3.544573753,3.497887981,2.877517744,0.021053397,1.569555695,2.06668981,3.534207214,3.411736907,0,3.513134692,2.814406929,2.784338966,2.999289531,2.252198385,3.305205719,2.231382862
2012-06-15.csv,3.768229568,3.194988024,3.59343082,0,3.575893662,3.597739044,3.588962594,3.765111797,3.627451673,3.3536731,3.511038948,3.351807881,3.481974511,3.498450807,3.461069261,3.2478646,3.150057399,3.427859443,0.870153882,2.126485746,0,3.081850773,3.44138305,3.392928555,3.434404703,3.332900594,3.32424256,3.036511971,3.168699414,3.098818904,0.778392581,2.451178077,0,1.068290106,3.367533607,3.474201999,3.513765227,2.59591143,0.021053397,1.69414995,2.011346093,3.496804848,3.402434713,0,3.385547315,2.874798245,2.718095642,2.995930969,2.300451071,3.379069658,2.203802259
2012-07-01.csv,3.768229568,3.627953507,3.632520218,0,3.552618984,3.577183427,3.571524467,3.765107691,3.622117539,3.313017929,3.531884627,3.337392398,3.522066565,3.505866121,3.485200924,3.245917291,3.196063661,3.414666473,0.887781222,2.267702257,0,2.889629313,3.360634666,3.396656082,3.445274596,3.316288406,3.316191636,3.037265361,3.129113089,3.166157728,0.288331513,2.296223343,0,0.782912314,3.353010882,3.463408023,3.530678346,2.547119335,0.021053397,1.665349872,1.943702931,3.553767626,3.422304623,0,3.329198016,2.907731394,2.719426414,3.005442106,2.380089121,3.355234478,2.161039061
2012-07-15.csv,3.768229568,3.601245164,3.624916868,0,3.536481985,3.571646994,3.568528487,3.762468165,3.645325764,3.265018521,3.526597129,3.384924039,3.509346579,3.480864759,3.471285059,3.229488373,3.177969837,3.429770398,1.618943117,2.160079857,0,3.133817744,3.40865352,3.383939678,3.451317012,3.321153455,3.273290676,3.008241473,3.180716073,2.708757964,1.4678313,2.307144477,0,1.151752394,3.326266789,3.526635231,3.49634201,2.827275432,0,1.761447534,2.017878946,3.524938803,3.400384665,0,3.475500528,2.855882646,2.745594549,3.022624192,2.372259215,3.38186932,2.23565039
2012-08-01.csv,3.768229568,3.5711543,3.616917149,0,3.530573754,3.56377493,3.549213195,3.763416568,3.611445605,3.315026989,3.514209408,3.346062005,3.495947953,3.48789347,3.468827043,3.23344696,3.154806814,3.449768886,1.210090106,2.361683215,0,2.84566116,3.425343866,3.389708326,3.448255621,3.30780992,3.299157211,3.013175244,3.163651549,2.968491244,1.145134796,2.442369516,0,0.687539016,3.344776564,3.446862734,3.508576725,2.601099353,0.021051084,1.761447534,2.053991228,3.510169548,3.391775551,0,3.316912727,2.831383848,2.747039115,3.017484359,2.279086785,3.244969769,2.264570244
2012-08-15.csv,3.768229567,3.448008929,3.576718454,0,3.564479372,3.584650111,3.568558501,3.764214355,3.593234111,3.27751487,3.495741647,3.258534936,3.463763419,3.479955772,3.462241858,3.202750162,3.194496863,3.440787826,1.464741008,2.214135673,0,2.795398017,3.473661953,3.394605286,3.436428983,3.214711791,3.373706072,2.928804025,3.207671868,3.169991834,1.263193257,2.149371481,0,1.346240071,3.352799904,3.43053335,3.499183685,2.429474619,0,1.888977095,2.08094784,3.46317335,3.402694591,0,3.280190954,2.798197732,2.746014258,3.057444889,2.350934001,3.378717497,2.48726914
2012-09-01.csv,3.768229568,3.635821451,3.6303035,0,3.489069945,3.520010994,3.494831475,3.764640265,3.610907523,3.239910007,3.529447767,3.376163413,3.514818465,3.520243085,3.47379926,3.224311897,3.188650474,3.406564097,1.423321833,2.283341421,0,2.985071801,3.462045227,3.394997081,3.434157676,3.249984802,3.351135129,2.932900414,3.166247262,3.15828416,1.227378821,2.181212749,0,0.954838294,3.340575657,3.487723292,3.502090083,2.809093891,0.021053397,1.871191199,2.003128132,3.533249802,3.408727982,0,3.417281828,2.869110367,2.794107499,3.089675322,2.210281231,3.334000273,2.090120353
2012-09-15.csv,3.768229568,3.607911874,3.641911752,0,3.49090436,3.520798706,3.487445592,3.76514147,3.636702176,3.201675107,3.519281939,3.355691129,3.484159853,3.520102613,3.473383567,3.219411162,3.193006749,3.416649025,1.63194623,2.335767867,0,2.913380313,3.460516254,3.377475703,3.450677588,3.296201133,3.342801441,2.925551826,3.149287545,3.156927056,1.477066222,2.152508285,0,1.038640278,3.327351121,3.510484965,3.50350112,2.801189936,0,1.888977095,2.099199279,3.506218605,3.412930371,0,3.400532568,2.754526805,2.725800829,3.077380426,2.256876839,3.323955001,2.053415158
2012-10-01.csv,3.768229568,3.428307898,3.584380318,0,3.435540586,3.476912357,3.405292894,3.765450651,3.60791236,3.16211439,3.531682402,3.361289952,3.48845711,3.43769274,3.491034982,3.28527583,3.211273891,3.399141329,1.423321833,2.389609022,0,2.848715477,3.495176511,3.352819195,3.492093314,3.239984549,3.385908538,2.937091415,3.208839456,3.087027793,1.221976675,2.168327776,0,0.579331787,3.430462009,3.519969819,3.515940702,2.966389769,1.038648887,1.857401796,2.411851031,3.496656608,3.413676951,0,3.451736889,2.834596105,2.743355289,3.103621525,2.254423034,3.408527507,2.038810421
2012-10-15.csv,3.768229568,2.277573036,3.042140537,0,3.343679826,3.39728267,3.362298658,3.765481074,3.21521176,3.114845374,3.516646869,3.315529235,3.491391405,3.381307469,3.486138076,3.253108907,3.204103856,3.423416488,1.500777453,2.309490614,0,2.59708948,3.396383855,3.352742916,3.475356289,3.219919741,3.28444356,2.994717572,3.059808471,3.090082459,1.393349942,2.088358228,0,0.821439759,3.480224056,3.480999205,3.51228384,2.870695435,0.021053397,1.886647171,2.350974284,3.483722745,3.408088763,0,3.368132393,2.850756807,2.716950414,3.104428338,2.223193221,3.309097865,2.302661373
2012-11-01.csv,3.768229568,3.278972221,3.490995123,0,3.493578168,3.405275414,3.353431623,3.764974038,3.569607565,3.056571225,3.495380402,3.329644825,3.480018115,3.392034637,3.486174422,3.168425226,3.230342379,3.442213647,1.553186656,2.395140689,0,2.464570519,3.193223449,3.422828056,3.500298143,3.215681934,3.356001263,2.509201679,3.215122617,3.171794039,1.427071629,2.073917653,0,1.471853893,3.446236266,3.460665545,3.525961639,2.611015296,0,1.774685935,2.304629158,3.46640379,3.412067318,0,3.215097576,2.861940697,2.746082351,3.10764229,2.199074738,3.150111245,2.0894681
2012-11-15.csv,3.768229567,3.431483915,3.585139905,0,3.581907203,3.554022161,3.523069384,3.765174337,3.643552808,3.009606286,3.520551313,3.393259178,3.354641755,3.399081823,3.50780362,3.198130267,3.285955639,3.424889525,1.500777453,2.665603567,0,2.892461321,3.361680439,3.381897597,3.47979885,3.199073426,3.347091913,2.888058786,3.234007872,2.974135969,1.391471331,2.467019996,0,1.574666027,3.41732393,3.517598303,3.515775605,2.913733396,0,1.800841012,2.320829995,3.434473272,3.427656237,0,3.39314119,2.736615749,2.796970181,3.118869392,2.131728942,2.947225442,2.164736176
2012-12-01.csv,3.768229566,3.326138315,3.589717701,0,3.608833726,3.516835154,3.534441337,3.765012165,3.634805455,3.035424561,3.494313299,3.305986395,3.334125518,3.396246847,3.495943104,3.165173161,3.291444286,3.453635356,1.500777453,2.456094226,0,2.604709045,3.339552891,3.327796932,3.464968096,3.186139086,3.395688198,2.82717678,3.234824261,3.189138878,1.390712698,2.323360019,0,1.70429877,3.342281789,3.46285049,3.526360627,2.407563779,0.021053397,1.886647171,2.341659045,3.431417298,3.412680782,0,3.242096842,2.781636294,2.783631663,3.119233602,2.164435146,3.149578204,2.081178406
2012-12-15.csv,3.768229568,3.48036633,3.52854763,0,3.571458287,3.391073832,3.482223771,3.765434502,3.597621878,3.049742388,3.512293006,3.388918923,3.327902398,3.37352904,3.499017219,3.244531814,3.265883568,3.453596996,1.824696126,2.612940034,0,2.779851742,3.132407236,3.34073289,3.443976399,3.091057306,2.968421785,2.876503578,2.784288391,2.898230978,1.69603623,2.524541912,0,1.522064307,3.348685996,3.518797093,3.516359487,2.952510681,0.021053397,2.123736777,2.333559947,3.430162503,3.421228868,0,3.398092264,2.868074676,2.781402324,3.099053088,2.22521615,3.095429373,2.111631793
2013-01-01.csv,3.768229568,3.479993339,3.611047608,0,3.598442541,3.428648415,3.479628234,3.765375641,3.640794851,3.030579356,3.510725227,3.370768095,3.348484563,3.403428388,3.479960315,3.183310581,3.26034134,3.426689856,1.785979093,2.433558147,0,2.882065873,3.137812304,3.315098082,3.485177608,3.093497184,2.946440359,1.878042546,2.758449903,3.089895802,1.667602681,2.012973422,0,1.002433755,3.290225766,3.547327996,3.507348625,2.430754154,0.021053397,2.117325136,2.30780032,3.450827969,3.418603074,0,3.341392926,2.833196078,2.777463145,3.101936442,2.214634062,2.839367016,2.643014582
2013-01-15.csv,3.768229568,3.41987497,3.578768889,0,3.561975972,3.456842354,3.544104595,3.765085295,3.61223402,3.036038292,3.513387944,3.351380294,3.334864621,3.505829284,3.47951424,3.178231896,3.238782847,3.426655361,1.785979093,2.518569338,0,2.988522444,3.190855839,3.35375577,3.469989199,3.091743414,2.905430893,2.367165736,2.591111347,3.047716894,1.667602681,2.434209,0,1.468224961,3.335727129,3.542290459,3.511165893,2.567947465,0.644021569,2.117325136,2.306968689,3.455098241,3.417618934,0,3.359599,2.88687026,2.811983152,3.111959394,2.287263134,3.248989671,2.489394733
2013-02-01.csv,3.768229568,2.613946113,3.257413793,0,3.444299727,3.470092352,3.425446292,3.764347061,3.392802435,2.97915212,3.511370173,3.387416064,3.337180121,3.428610902,3.47881301,3.195817087,3.267225902,3.410154348,1.785979093,2.507205284,0,2.95577919,3.215956481,3.382306519,3.458017834,3.099665161,2.970660631,1.532238672,2.816673436,3.020368628,1.667636246,2.339556431,0,1.310878031,3.361513789,3.552485749,3.521597096,2.542808951,0.021053397,2.20680282,2.605123393,3.44284697,3.424507711,0,3.36053676,2.776365368,2.75463751,3.10344927,2.168136346,3.288351071,2.720416812
2013-02-15.csv,3.768229568,2.804499177,3.431410211,0,3.441014368,3.462522985,3.44138023,3.763085682,3.507210428,2.903176812,3.514597478,3.389292889,3.357607005,3.423225872,3.489214161,3.225022731,3.276389058,3.427297948,1.785979093,2.280716525,0,2.952999614,3.18223222,3.38376021,3.49203381,3.092874149,2.98395182,2.378917807,2.729168114,2.94311774,1.667015465,1.982104732,0,1.115393716,3.34671637,3.541875097,3.51914628,2.463433543,1.096287778,2.117325136,2.491730367,3.470471646,3.42362482,0,3.318946234,2.888513422,2.72694992,3.061836745,2.140553667,3.316563876,2.783893095
2013-03-01.csv,3.768229567,3.502243126,3.615998548,0,3.414188833,3.409215326,3.442250493,3.763016821,3.616075331,2.83675605,3.557253663,3.44176578,3.374635104,3.504064107,3.504901218,3.309888009,3.254868267,3.44011784,1.785979093,2.433558147,0,3.296438053,3.115854386,3.378130729,3.475228466,3.093629456,2.981902001,2.626850181,2.756167833,2.962392672,1.666982652,2.178881167,0,1.351152523,3.348652236,3.593118069,3.526842343,3.216961774,0.510805188,2.047488829,2.559955943,3.51038281,3.426737431,0,3.532794721,2.812705178,2.764642268,3.02492154,2.20213108,2.938503251,2.715376816
2013-03-15.csv,3.768229568,3.611139054,3.634464843,0,3.412372751,3.381410068,3.454566641,3.762479602,3.626145697,2.759259625,3.532478208,3.395862781,3.378659383,3.440738494,3.502714156,3.233974692,3.277330135,3.449768517,1.785979093,2.561625944,0,2.85278519,3.052866219,3.264675485,3.470897665,3.094327372,2.91746388,2.540187437,2.690665824,2.937413691,1.666995779,1.939138486,0,0.925244925,3.121156698,3.554700505,3.531086798,2.432560241,0.021053397,2.26014605,2.546664749,3.504989709,3.423486607,0,3.333534972,2.847092849,2.864172819,3.059414406,2.130373433,3.11678522,2.613885963
2013-04-01.csv,3.768229568,3.59644012,3.651998343,0,3.530539205,3.553076992,3.55618818,3.762792587,3.65388931,2.758604306,3.51359271,3.338246293,3.352085066,3.427085531,3.487420376,3.216552776,3.237841932,3.451107818,1.7844731,2.287676998,0,2.805059876,3.07319276,3.427183086,3.447199681,3.069686754,2.873332171,2.845149431,2.57826842,3.09752735,1.667019365,1.88770705,0,1.048790282,3.362190622,3.542888975,3.534082406,2.411911679,0.699450397,2.26014605,2.535292762,3.485619015,3.408080256,0,3.293886092,2.841750698,2.734409801,3.036559179,2.088088813,3.086298189,2.431360105
2013-04-15.csv,3.768229568,3.587158087,3.645885083,0,3.474368018,3.559318221,3.514063875,3.762842097,3.651202663,2.785515793,3.529971902,3.325599588,3.358518181,3.436930062,3.506195411,3.243513328,3.294254022,3.476959786,1.7844731,2.302819972,0,2.977428813,3.069360303,3.403290884,3.473607677,3.313024412,2.73620952,1.868642232,2.47648234,3.065576118,1.667019365,2.194637441,0,1.184946191,3.372179194,3.530545987,3.552727236,2.655112407,0.699450397,2.202673466,2.583809635,3.475453157,3.421043944,0,3.386848307,2.797584396,2.775143288,3.077392508,2.089225706,3.377484462,2.99429816
2013-05-01.csv,3.768229568,3.557296699,3.669040969,0,3.598879831,3.617733985,3.581282427,3.76280042,3.685897309,2.76196851,3.520026244,3.324035082,3.370135455,3.515351324,3.498610125,3.199611268,3.274699916,3.51921293,1.75119836,2.118161718,0,2.943443449,3.431363747,3.408932808,3.48953518,3.348255589,3.388631123,1.894951902,3.335882096,3.155873159,1.650457127,1.893060769,0,0.289344729,3.400442849,3.50884577,3.569699929,2.609919545,0,2.246901684,2.472675243,3.502026368,3.402885547,0,3.342245418,2.76532416,2.744554133,3.046532302,2.224338595,3.366592296,3.02427479
2013-05-15.csv,3.768229566,3.584817505,3.637180832,0,3.583565583,3.518535135,3.519556802,3.762229955,3.64319697,2.697400253,3.50842869,3.361690143,3.350160505,3.448722164,3.483539075,3.208418962,3.238487459,3.521215498,1.75119836,2.51075235,0,2.929515422,3.35876327,3.387948136,3.504306437,3.346515059,3.398478017,2.256084947,3.278360267,3.241956344,1.66859049,1.931485936,0,0.726126114,3.396815743,3.51917248,3.556634022,2.609197522,0,2.202673466,2.622697861,3.477454364,3.395956044,0,3.32162486,2.797887161,2.811764324,3.047424996,2.184940501,3.130804362,2.871593524
2013-06-01.csv,3.768229568,3.54651897,3.676174748,0,3.605959081,3.587452855,3.569394686,3.762322453,3.687988322,2.66704945,3.518856464,3.353626727,3.37988884,3.453859801,3.481071079,3.212032497,3.239980409,3.501641907,1.75119836,2.415546061,0,3.02942268,3.352665297,3.382796348,3.531286869,3.335311325,3.434881751,2.998409306,3.272846718,3.291904159,1.675892986,1.77363854,0,0.931173032,3.400138903,3.51661117,3.57857469,2.745142589,0.021051084,2.202673466,2.603011459,3.486535908,3.395470727,0,3.355579778,2.837838028,2.905321595,3.051362727,2.109156445,3.111887425,2.996618129
2013-06-15.csv,3.768229568,3.576366963,3.663090919,0,3.576311564,3.54346271,3.513584262,3.764297443,3.673586087,2.701449251,3.50114433,3.081142289,3.377288892,3.451454495,3.480103826,3.225464421,3.227065986,3.456231846,1.75119836,2.465544655,0,2.995078295,3.256150565,3.379849946,3.506725263,3.320355409,3.377297575,2.983810932,3.270981292,3.08919708,1.674955011,2.150505814,0,0.754352255,3.363948674,3.51411793,3.53184269,2.425186967,0.699450397,2.287883734,2.583819786,3.493307296,3.396022062,0,3.242988399,2.803831529,2.849565151,3.061075659,2.240096582,2.907177422,2.918878834
2013-07-01.csv,3.768229568,3.565042268,3.666129936,0,3.625047576,3.588306057,3.568500881,3.764794754,3.684851622,2.686913545,3.541189443,3.387043153,3.401751733,3.470999774,3.494400624,3.258754552,3.212554433,3.494426567,1.596243413,2.34390497,0,3.034718856,3.233538715,3.394892155,3.51059622,3.370302548,3.409098039,2.9317878,3.252806201,3.277126597,1.52671716,1.89411161,0,1.032351748,3.373125823,3.544711164,3.574796486,2.759840919,0.021053397,2.1555913,2.60654812,3.518686379,3.391749086,0,3.378867424,2.85017278,2.866280906,3.058617151,2.145315647,2.846979205,2.972396819
2013-07-15.csv,3.768229568,3.60861074,3.673393489,2.531484856,3.542783584,3.603621637,3.584188758,3.764847077,3.675349672,2.635702454,3.51927583,3.324166177,3.398429284,3.462549527,3.482618467,3.264220891,3.225728463,3.479782722,1.596243413,2.561667928,0,3.066314684,3.397325283,3.381808642,3.527567976,3.367398483,3.472808084,2.856973022,3.372514241,3.253956869,1.525841033,2.249987093,0,1.026967436,3.366606385,3.52687272,3.583114191,2.752532095,0.021053397,2.011441818,2.61118303,3.494035908,3.370852488,0,3.353428446,2.904342307,2.873879456,3.046385388,2.088295701,3.147836245,3.007335997
2013-08-01.csv,3.768229568,3.540650733,3.674719254,3.256813134,3.628589605,3.62293073,3.593688286,3.764634463,3.702704375,2.534068938,3.522323579,3.305028372,3.348823845,3.445783751,3.492759228,3.253042971,3.258445077,3.486205837,1.708604935,1.97313637,0,2.916750964,3.4131804,3.38153951,3.507907537,3.325226688,3.421675394,2.108976534,3.349632793,3.307832479,1.665920572,1.686834293,0,0.224512739,3.361974756,3.507152046,3.607003581,2.631245518,1.324884384,2.056247006,2.612400781,3.485516907,3.378819369,0,3.291977261,2.84062943,2.873005937,3.042910493,2.055127862,3.176179651,
2013-08-15.csv,3.768229566,3.499965669,3.29533064,3.078376327,3.079383999,3.294930698,3.27653416,3.764797375,3.441615147,2.43927966,3.511521315,3.250108832,3.306749027,3.413749077,3.470300997,3.220475037,3.236107571,3.465190329,1.708604935,2.185048171,0,3.082180038,3.388346765,3.380742889,3.472932272,3.292354089,3.409894924,2.874928024,3.312345319,3.288520472,1.665920572,2.042770713,0,0.183277262,3.366470737,3.512072441,3.585723822,2.718039483,0.021053397,2.056247006,2.597462804,3.441510154,3.368399872,0,3.34031294,2.784715868,2.833055377,3.047062774,1.994303071,3.155246713,
2013-09-01.csv,3.768229568,3.569943512,3.631250516,3.22147665,3.553213737,3.44438366,3.499070133,3.765123115,3.678426406,2.398316943,3.519108148,3.342894552,3.315275239,3.321704382,3.491491428,3.273295986,3.246261951,3.492841071,1.708604935,2.247889128,0,3.010643636,3.390607071,3.356950719,3.475234205,3.221328439,3.425300542,2.763610172,3.32166455,3.286243987,1.690906364,1.837771992,0,0.462163181,3.359149482,3.519286678,3.606952718,2.696490816,0,2.087751369,2.721965626,3.456956811,3.380964052,0,3.310182955,2.772952425,2.962244629,3.04922953,1.956428627,3.152965977,
2013-09-15.csv,3.768229568,3.617443093,3.699103371,3.234990622,3.606309114,3.594232563,3.397479227,3.76518472,3.69974372,2.415142519,3.511824938,3.335114087,3.365221581,3.32530989,3.482666212,3.238528861,3.241814443,3.50706192,1.774685745,2.545497052,0,3.005453609,3.427818002,3.364162233,3.507911822,3.229943793,3.450611241,2.864165949,3.354600115,3.30807101,1.592548259,2.298701107,0,0.891643279,3.369591092,3.521435575,3.606044866,2.64409838,0.644021569,1.963866885,2.681702988,3.4434975,3.351190763,0,3.296801261,2.836838031,2.954590695,3.033207552,2.040359087,3.244955532,
2013-10-01.csv,3.768229567,3.607295809,3.628838873,3.212791763,3.586094464,3.505275253,3.528926439,3.765028136,3.648576365,2.374907492,3.514473549,3.312275465,3.366561579,3.44438919,3.479295842,3.219769167,3.21616447,3.515285771,1.774685745,2.486658503,0,2.973874132,3.40030061,3.37847999,3.509984074,3.273409963,3.412951374,1.993082916,3.308332405,3.239300286,1.579647951,2.163937344,0,1.501471767,3.360538318,3.516932185,3.613419394,2.560958615,0.699449231,2.155487565,2.665265804,3.487733379,3.36832101,0,3.280770817,2.826019531,2.943037506,3.041592562,2.110604014,3.171482779,
2013-10-15.csv,3.768229568,3.595711388,3.674938939,3.023478038,3.484999022,3.527930459,3.489139033,3.765351598,3.602509796,2.338601432,3.509823815,3.272394981,3.323904732,3.396931294,3.485277593,3.245912751,3.214975125,3.511625909,1.674040418,2.63942833,0,3.026118973,3.337832438,3.285999312,3.511926775,3.297792662,3.229300309,1.008344007,3.326257061,3.255121566,1.481995581,2.216421171,0,0.963937286,3.36758463,3.516079023,3.602560782,2.710571186,1.324884384,2.056247006,2.646047827,3.441744515,3.357484831,0,3.315389531,2.810734062,2.939523022,3.040239182,2.178140939,3.188075345,
2013-11-01.csv,3.768229568,3.592162367,3.655723382,3.115236552,3.315084976,3.452971649,3.542584182,3.764236621,3.645870693,2.313088757,3.498030451,3.289062916,3.354404144,3.365416396,3.435709331,3.230876146,3.117371569,3.50680281,2.025208322,2.524207154,0,3.064439853,3.397147208,3.363945294,3.464861,3.188510502,3.315025437,2.523643098,3.075193783,3.251529984,1.640539725,2.123119049,0,0.653261431,3.373097816,3.531797683,3.55165788,2.654606963,1.324884384,2.113948394,2.761567911,3.478384468,3.362948043,0,3.330705549,2.887254565,2.942979642,2.870202615,2.289811571,3.259882334,
2013-11-15.csv,3.768229567,3.571107732,3.530064625,3.223477149,3.373796095,3.514019437,3.499621954,3.758521933,3.56013773,2.362695692,3.509458554,3.312947324,3.318798752,3.418331346,3.467890514,3.202199316,3.205523702,3.510947169,2.010793625,2.245728414,0,3.115627447,3.414791401,3.384325898,3.50647582,3.327289709,3.383603514,1.777588498,3.214247452,3.241983858,1.666348028,1.772920231,0,0.721073649,3.375101542,3.538312995,3.544326077,2.689827179,1.731728698,2.094620522,2.876873495,3.346557142,3.376644655,0,3.310139076,2.904872051,2.991945014,2.844723948,2.254258419,3.028883534,
2013-12-15.csv,3.768229568,3.589363688,3.550831756,3.142741255,3.50707778,3.500588248,3.475237776,3.765108375,3.591159299,2.453079842,3.516979931,3.346152994,3.332731211,3.410692185,3.458059023,3.316600458,3.153503891,3.509622513,2.010793625,2.314849803,0,3.285325012,3.129684463,3.370854396,3.494859416,3.308669662,3.305285324,2.357693177,3.129402757,3.251778069,1.689315101,1.858656552,0,1.0241297,3.382636359,3.542905363,3.537630223,3.319482322,1.731728698,2.119385135,2.894108091,3.480701152,3.363213407,0,3.464597335,2.900172278,2.936875955,2.932876348,2.146567524,2.674929412,
