expAges,June 15 2013,October 15 2013,March 15 2014
0,0.612125163,0.606864204,0.598930861
900,0.055721358,0.058866389,0.057854216
1800,0.021420714,0.025294231,0.022346425
2700,0.00131906,0.001593855,0.001536761
3600,0.047949601,0.045159234,0.048836525
4500,0.000550033,0.000834877,0.000507182
5400,0.001212109,0.000991732,0.000877424
6300,0.000499104,0.000693201,0.000887568
7200,0.008138445,0.008844632,0.007906963
8100,0.000463453,0.000571764,0.000258663
9000,0.000381967,0.000389609,0.000294165
9900,0.000336131,0.000146736,0.000207944
10800,0.003218709,0.003233249,0.002043942
11700,0.00042271,0.000252993,0.000562972
12600,0.000234273,0.000207454,0.000207944
13500,0.000366688,0.000197334,0.000192729
14400,0.007033287,0.01034741,0.011396373
15300,0.000224087,0.000202394,0.000218088
16200,0.000254645,0.000151796,0.000268806
17100,0.000178251,0.000182155,0.000152155
18000,0.000626426,0.0014117,0.001526617
18900,0.000127322,0.000222634,0.000187657
19800,0.000168066,0.000187215,0.000207944
20700,0.000290295,0.000283352,0.000207944
21600,0.010048281,0.008596699,0.008581514
22500,0.000254645,0.000313711,0.000177514
23400,0.000224087,0.000166975,0.001070153
24300,0.000198623,0.000222634,0.000197801
25200,0.000748655,0.000733679,0.000304309
26100,0.000320852,0.000166975,0.000172442
27000,0.000188437,0.000192275,0.000147083
27900,0.00015788,0.000192275,0.000360099
28800,0.003534469,0.001168827,0.00128317
29700,0.000275016,0.000313711,0.000162298
30600,0.000285202,0.000202394,0.000309381
31500,0.000127322,0.000192275,0.000157226
32400,9.16721E-05,0.000273232,0.000126795
33300,0.00015788,0.000227694,0.000187657
34200,0.000168066,0.000232753,0.000116652
35100,0.000173158,0.000263113,0.000192729
36000,0.000656983,0.000581884,0.000811491
36900,0.00019353,0.000192275,0.00022316
37800,0.000173158,7.0838E-05,0.000263734
38700,0.000127322,0.000192275,0.000157226
39600,0.000112044,0.000146736,0.000106508
40500,0.000127322,0.000161915,0.000106508
41400,0.000117137,0.000202394,0.000182585
42300,7.63934E-05,0.000207454,0.000268806
43200,0.019790988,0.01854438,0.019764871
44100,0.000152787,0.000197334,0.000197801
45000,0.000234273,0.000379489,0.00016737
45900,7.63934E-05,0.000217574,0.000121724
46800,0.000137508,0.000161915,0.000233304
47700,0.000244459,0.000146736,0.00027895
48600,0.000224087,0.000151796,0.000157226
49500,0.000341224,0.000268172,0.00011158
50400,0.00038706,0.000202394,0.000187657
51300,8.65792E-05,0.000182155,9.12927E-05
52200,0.000173158,0.000445268,0.000213016
53100,0.000152787,0.000333951,0.000339812
54000,0.000147694,0.000217574,0.000131867
54900,0.000208809,0.000409849,8.62209E-05
55800,0.000295388,0.000247933,8.62209E-05
56700,0.000152787,0.000379489,0.000202873
57600,0.000127322,0.000222634,9.12927E-05
58500,0.000168066,0.000313711,0.000162298
59400,0.000213902,0.000197334,0.000339812
60300,0.000132415,9.10774E-05,7.60773E-05
61200,0.000127322,0.000116377,0.000126795
62100,0.000122229,0.000268172,0.000101436
63000,0.000178251,0.000136616,0.000273878
63900,0.000376874,0.000172035,0.000136939
64800,0.000356503,0.000212514,0.000116652
65700,0.000188437,0.000121437,0.000136939
66600,7.63934E-05,0.000146736,8.11491E-05
67500,0.00015788,0.000197334,0.000187657
68400,0.000840328,0.000166975,0.000207944
69300,0.000224087,8.09577E-05,0.000152155
70200,0.00015788,0.000207454,0.000142011
71100,0.000188437,0.000156856,0.00011158
72000,0.000173158,0.000602123,0.000608618
72900,0.000101858,0.000268172,0.000136939
73800,0.000132415,0.000161915,0.000101436
74700,0.000112044,0.000151796,0.000162298
75600,0.000285202,9.10774E-05,0.000233304
76500,0.000112044,0.000197334,0.000253591
77400,0.000331038,0.000136616,0.000131867
78300,0.000132415,0.000151796,0.000182585
79200,0.000224087,0.00070838,0.000745557
80100,0.00019353,0.000556584,0.000136939
81000,0.000249552,0.000146736,0.000213016
81900,0.000137508,0.000202394,0.000136939
82800,0.000290295,0.00035925,0.000197801
83700,0.000162973,0.000161915,0.000253591
84600,0.000346317,0.000268172,0.00022316
85500,0.00015788,0.000298532,0.000263734
86400,0.06702249,0.071839866,0.070067151
87300,0.000259738,0.000172035,0.000233304
88200,5.09289E-05,1.51796E-05,2.02873E-05
89100,3.56503E-05,3.03591E-05,2.02873E-05
90000,7.13005E-05,7.58979E-05,2.02873E-05
90900,2.03716E-05,7.0838E-05,4.05745E-05
91800,8.14863E-05,2.52993E-05,8.11491E-05
92700,3.05574E-05,1.01197E-05,1.01436E-05
93600,0.000188437,0.000111317,0.00011158
94500,2.03716E-05,1.01197E-05,7.10054E-05
95400,2.03716E-05,3.5419E-05,2.02873E-05
96300,4.07432E-05,2.52993E-05,2.53591E-05
97200,0,2.02394E-05,1.01436E-05
98100,3.05574E-05,3.03591E-05,3.04309E-05
99000,1.52787E-05,3.03591E-05,4.05745E-05
99900,0.00022918,1.01197E-05,4.56464E-05
100800,4.07432E-05,2.52993E-05,0.000491966
101700,2.54645E-05,2.02394E-05,4.56464E-05
102600,5.60218E-05,1.51796E-05,2.02873E-05
103500,4.07432E-05,5.05986E-06,1.01436E-05
104400,3.05574E-05,5.05986E-05,4.56464E-05
105300,0.000106951,1.01197E-05,2.53591E-05
106200,3.56503E-05,2.02394E-05,2.02873E-05
107100,1.52787E-05,2.52993E-05,3.55027E-05
108000,4.07432E-05,5.05986E-05,4.05745E-05
108900,2.03716E-05,1.51796E-05,4.05745E-05
109800,4.07432E-05,1.01197E-05,4.05745E-05
110700,3.05574E-05,2.02394E-05,2.53591E-05
111600,6.11147E-05,1.01197E-05,2.02873E-05
112500,3.05574E-05,2.02394E-05,0.000147083
113400,1.01858E-05,1.01197E-05,0
114300,2.54645E-05,2.52993E-05,3.04309E-05
115200,4.07432E-05,3.03591E-05,4.05745E-05
116100,3.56503E-05,5.05986E-06,2.53591E-05
117000,4.5836E-05,2.02394E-05,2.53591E-05
117900,2.54645E-05,2.52993E-05,4.05745E-05
118800,7.13005E-05,2.52993E-05,4.05745E-05
119700,2.03716E-05,2.02394E-05,2.53591E-05
120600,2.03716E-05,2.02394E-05,2.02873E-05
121500,4.5836E-05,2.52993E-05,5.07182E-06
122400,2.03716E-05,1.01197E-05,3.55027E-05
123300,2.03716E-05,4.04789E-05,3.04309E-05
124200,2.54645E-05,1.01197E-05,4.05745E-05
125100,1.52787E-05,3.03591E-05,2.02873E-05
126000,3.56503E-05,4.04789E-05,4.56464E-05
126900,2.03716E-05,3.5419E-05,1.52155E-05
127800,2.54645E-05,2.02394E-05,2.02873E-05
128700,1.01858E-05,2.52993E-05,4.05745E-05
129600,0.000198623,0.00037443,0.000157226
130500,1.01858E-05,1.51796E-05,3.04309E-05
131400,2.03716E-05,2.02394E-05,3.55027E-05
132300,5.09289E-06,1.51796E-05,2.02873E-05
133200,6.11147E-05,4.04789E-05,2.53591E-05
134100,5.60218E-05,1.01197E-05,0.000537613
135000,4.07432E-05,1.01197E-05,3.55027E-05
135900,1.01858E-05,0,1.52155E-05
136800,1.01858E-05,3.03591E-05,2.53591E-05
137700,9.16721E-05,2.02394E-05,1.01436E-05
138600,2.03716E-05,3.03591E-05,3.04309E-05
139500,3.05574E-05,3.5419E-05,2.02873E-05
140400,5.09289E-06,3.03591E-05,5.07182E-06
141300,2.03716E-05,2.52993E-05,1.01436E-05
142200,1.01858E-05,1.51796E-05,1.52155E-05
143100,3.05574E-05,5.05986E-06,2.02873E-05
144000,3.05574E-05,2.02394E-05,1.01436E-05
144900,2.54645E-05,3.5419E-05,5.07182E-06
145800,2.03716E-05,3.03591E-05,2.02873E-05
146700,8.65792E-05,1.51796E-05,3.04309E-05
147600,9.6765E-05,4.04789E-05,1.52155E-05
148500,4.07432E-05,6.07183E-05,1.01436E-05
149400,2.54645E-05,1.01197E-05,3.55027E-05
150300,3.05574E-05,5.05986E-06,2.53591E-05
151200,3.56503E-05,3.5419E-05,2.53591E-05
152100,5.09289E-06,2.52993E-05,2.53591E-05
153000,2.03716E-05,1.01197E-05,1.01436E-05
153900,1.52787E-05,4.55387E-05,4.05745E-05
154800,1.01858E-05,2.52993E-05,9.63645E-05
155700,1.01858E-05,0.000116377,2.02873E-05
156600,1.01858E-05,4.55387E-05,3.04309E-05
157500,5.09289E-05,1.51796E-05,1.52155E-05
158400,5.09289E-06,5.56584E-05,2.02873E-05
159300,1.01858E-05,4.55387E-05,1.52155E-05
160200,5.60218E-05,5.05986E-06,0
161100,4.07432E-05,4.55387E-05,1.52155E-05
162000,1.52787E-05,4.04789E-05,2.02873E-05
162900,2.03716E-05,3.5419E-05,2.53591E-05
163800,2.03716E-05,2.02394E-05,2.02873E-05
164700,1.52787E-05,1.51796E-05,2.53591E-05
165600,2.03716E-05,2.02394E-05,1.52155E-05
166500,1.52787E-05,1.01197E-05,0.000147083
167400,0,2.52993E-05,2.53591E-05
168300,1.52787E-05,3.5419E-05,4.05745E-05
169200,5.09289E-06,7.58979E-05,5.07182E-06
170100,1.52787E-05,4.55387E-05,1.01436E-05
171000,5.09289E-06,2.52993E-05,1.01436E-05
171900,2.54645E-05,0.000121437,3.04309E-05
172800,0.010414969,0.009603611,0.009068409
173700,5.09289E-05,0.000207454,0.00022316
174600,5.09289E-06,3.03591E-05,3.55027E-05
175500,2.03716E-05,1.01197E-05,5.07182E-06
176400,2.54645E-05,1.51796E-05,2.53591E-05
177300,1.01858E-05,2.02394E-05,0
178200,1.01858E-05,5.05986E-06,1.52155E-05
179100,5.09289E-06,5.05986E-06,5.07182E-06
180000,4.5836E-05,2.02394E-05,3.55027E-05
180900,5.09289E-06,5.05986E-06,1.52155E-05
181800,5.09289E-05,1.51796E-05,4.05745E-05
182700,2.03716E-05,3.03591E-05,1.52155E-05
183600,1.01858E-05,4.04789E-05,1.52155E-05
184500,1.01858E-05,1.51796E-05,5.07182E-05
185400,5.09289E-06,1.01197E-05,3.55027E-05
186300,5.09289E-06,5.05986E-06,1.01436E-05
187200,0.000101858,2.02394E-05,7.10054E-05
188100,1.52787E-05,1.51796E-05,0.000131867
189000,1.52787E-05,2.02394E-05,4.05745E-05
189900,4.07432E-05,2.02394E-05,2.53591E-05
190800,2.54645E-05,1.01197E-05,0.000238375
191700,2.03716E-05,2.02394E-05,2.53591E-05
192600,3.05574E-05,1.51796E-05,1.01436E-05
193500,1.52787E-05,2.52993E-05,2.02873E-05
194400,5.09289E-06,2.52993E-05,0
195300,5.09289E-06,1.51796E-05,5.07182E-05
196200,1.01858E-05,1.51796E-05,3.55027E-05
197100,5.09289E-06,1.51796E-05,1.52155E-05
198000,1.01858E-05,1.01197E-05,2.02873E-05
198900,1.52787E-05,5.05986E-05,2.02873E-05
199800,1.01858E-05,1.51796E-05,5.07182E-06
200700,0.000178251,0.000166975,0.000152155
201600,2.03716E-05,3.03591E-05,2.53591E-05
202500,1.01858E-05,1.01197E-05,3.04309E-05
203400,2.54645E-05,5.05986E-06,2.53591E-05
204300,1.01858E-05,5.05986E-06,1.01436E-05
205200,1.01858E-05,2.02394E-05,1.52155E-05
206100,5.09289E-06,5.05986E-06,1.01436E-05
207000,2.03716E-05,1.01197E-05,6.59336E-05
207900,2.03716E-05,5.05986E-06,1.52155E-05
208800,0.000707912,1.01197E-05,0.000522397
209700,1.01858E-05,1.51796E-05,3.04309E-05
210600,3.05574E-05,1.51796E-05,2.02873E-05
211500,1.52787E-05,3.03591E-05,5.07182E-06
212400,3.05574E-05,4.55387E-05,3.04309E-05
213300,5.09289E-06,4.55387E-05,4.05745E-05
214200,1.01858E-05,4.04789E-05,3.55027E-05
215100,1.52787E-05,2.02394E-05,4.05745E-05
216000,8.14863E-05,7.58979E-05,0.000273878
216900,2.54645E-05,5.05986E-06,2.53591E-05
217800,4.5836E-05,1.51796E-05,2.53591E-05
218700,2.54645E-05,1.01197E-05,2.53591E-05
219600,2.03716E-05,1.01197E-05,1.52155E-05
220500,1.52787E-05,2.52993E-05,2.02873E-05
221400,1.01858E-05,3.5419E-05,0
222300,1.01858E-05,4.04789E-05,1.01436E-05
223200,5.09289E-06,3.5419E-05,5.07182E-06
224100,1.52787E-05,3.03591E-05,1.52155E-05
225000,1.01858E-05,5.05986E-06,3.55027E-05
225900,1.52787E-05,3.5419E-05,2.02873E-05
226800,2.54645E-05,1.51796E-05,1.52155E-05
227700,4.07432E-05,3.5419E-05,1.52155E-05
228600,2.54645E-05,2.02394E-05,1.01436E-05
229500,1.01858E-05,4.04789E-05,3.55027E-05
230400,2.54645E-05,3.03591E-05,2.02873E-05
231300,1.52787E-05,1.51796E-05,1.01436E-05
232200,2.03716E-05,5.05986E-06,5.07182E-06
233100,1.01858E-05,1.01197E-05,2.53591E-05
234000,1.52787E-05,1.01197E-05,1.01436E-05
234900,5.09289E-06,1.51796E-05,0.000187657
235800,5.09289E-06,2.02394E-05,5.07182E-05
236700,1.01858E-05,4.55387E-05,2.53591E-05
237600,3.05574E-05,2.52993E-05,2.02873E-05
238500,1.01858E-05,2.02394E-05,4.56464E-05
239400,0,0.000101197,1.52155E-05
240300,2.03716E-05,5.05986E-05,1.01436E-05
241200,0,3.5419E-05,3.04309E-05
242100,5.09289E-06,5.56584E-05,2.53591E-05
243000,1.01858E-05,3.03591E-05,2.02873E-05
243900,1.01858E-05,2.02394E-05,1.01436E-05
244800,1.52787E-05,2.02394E-05,1.01436E-05
245700,3.56503E-05,3.5419E-05,2.02873E-05
246600,3.05574E-05,3.03591E-05,2.02873E-05
247500,5.09289E-06,2.52993E-05,1.52155E-05
248400,1.01858E-05,1.51796E-05,4.05745E-05
249300,1.52787E-05,1.01197E-05,2.02873E-05
250200,3.56503E-05,2.02394E-05,0.000268806
251100,3.56503E-05,1.01197E-05,1.01436E-05
252000,2.03716E-05,5.05986E-06,1.01436E-05
252900,2.54645E-05,4.04789E-05,1.52155E-05
253800,1.01858E-05,2.02394E-05,3.04309E-05
254700,2.54645E-05,1.01197E-05,1.52155E-05
255600,2.54645E-05,6.07183E-05,3.55027E-05
256500,1.01858E-05,1.51796E-05,1.52155E-05
257400,1.52787E-05,1.01197E-05,2.53591E-05
258300,4.5836E-05,1.51796E-05,2.02873E-05
259200,0.009126467,0.007579667,0.007115759
260100,3.05574E-05,0.000202394,5.07182E-05
261000,0,1.01197E-05,1.52155E-05
261900,5.09289E-06,1.01197E-05,1.52155E-05
262800,5.09289E-06,5.05986E-06,0
263700,0,2.02394E-05,1.01436E-05
264600,5.09289E-06,5.05986E-06,0
265500,1.01858E-05,1.01197E-05,0
266400,2.54645E-05,1.51796E-05,5.07182E-06
267300,5.09289E-06,8.09577E-05,1.52155E-05
268200,2.54645E-05,5.05986E-06,0
269100,1.52787E-05,3.03591E-05,1.01436E-05
270000,1.01858E-05,0,1.01436E-05
270900,1.52787E-05,1.51796E-05,2.02873E-05
271800,2.03716E-05,2.02394E-05,5.07182E-06
272700,1.52787E-05,1.01197E-05,0
273600,2.03716E-05,4.04789E-05,7.10054E-05
274500,1.52787E-05,4.04789E-05,6.08618E-05
275400,1.01858E-05,5.05986E-06,4.56464E-05
276300,0,2.52993E-05,2.02873E-05
277200,3.05574E-05,2.52993E-05,2.53591E-05
278100,1.52787E-05,5.05986E-06,2.53591E-05
279000,6.11147E-05,5.05986E-06,5.07182E-06
279900,7.63934E-05,5.05986E-06,1.52155E-05
280800,5.09289E-05,5.05986E-05,0.000106508
281700,3.56503E-05,5.56584E-05,6.08618E-05
282600,2.03716E-05,2.52993E-05,3.04309E-05
283500,3.05574E-05,5.05986E-05,3.04309E-05
284400,2.03716E-05,6.07183E-05,1.52155E-05
285300,2.03716E-05,1.51796E-05,3.55027E-05
286200,1.01858E-05,5.05986E-06,1.52155E-05
287100,1.52787E-05,5.05986E-06,2.02873E-05
288000,4.07432E-05,5.05986E-06,5.07182E-06
288900,1.52787E-05,0,1.01436E-05
289800,7.63934E-05,0,2.02873E-05
290700,5.09289E-06,1.01197E-05,1.52155E-05
291600,0,5.05986E-06,3.04309E-05
292500,0,0,3.55027E-05
293400,1.52787E-05,0,5.579E-05
294300,1.01858E-05,5.05986E-05,5.07182E-06
295200,0,5.05986E-06,2.02873E-05
296100,2.03716E-05,0,5.07182E-06
297000,5.09289E-06,0,1.01436E-05
297900,1.52787E-05,1.51796E-05,3.55027E-05
298800,1.01858E-05,0,5.07182E-06
299700,1.01858E-05,5.05986E-06,1.01436E-05
300600,0.000213902,0.000247933,0.00027895
301500,5.09289E-06,5.05986E-06,1.01436E-05
302400,0.000106951,0.000106257,2.02873E-05
303300,5.09289E-06,1.51796E-05,2.02873E-05
304200,1.01858E-05,2.02394E-05,5.07182E-06
305100,2.03716E-05,5.05986E-06,0.000126795
306000,5.09289E-06,5.05986E-06,4.05745E-05
306900,1.52787E-05,1.51796E-05,2.02873E-05
307800,1.01858E-05,0,1.52155E-05
308700,2.03716E-05,5.05986E-06,1.52155E-05
309600,5.09289E-06,1.01197E-05,2.02873E-05
310500,1.01858E-05,3.03591E-05,1.01436E-05
311400,0,1.01197E-05,2.02873E-05
312300,1.01858E-05,1.01197E-05,2.53591E-05
313200,1.52787E-05,1.01197E-05,2.02873E-05
314100,5.09289E-06,1.01197E-05,2.02873E-05
315000,5.09289E-06,2.02394E-05,7.60773E-05
315900,5.09289E-06,1.51796E-05,1.01436E-05
316800,2.03716E-05,0,2.53591E-05
317700,1.01858E-05,1.01197E-05,2.02873E-05
318600,4.5836E-05,0,1.01436E-05
319500,4.07432E-05,1.51796E-05,2.53591E-05
320400,2.03716E-05,5.05986E-06,5.579E-05
321300,5.09289E-06,1.01197E-05,5.07182E-06
322200,4.07432E-05,1.01197E-05,3.04309E-05
323100,1.01858E-05,5.05986E-06,1.01436E-05
324000,2.03716E-05,0,3.04309E-05
324900,1.52787E-05,2.02394E-05,0
325800,1.01858E-05,1.51796E-05,5.07182E-06
326700,1.52787E-05,5.05986E-06,0
327600,0,2.02394E-05,1.52155E-05
328500,2.03716E-05,5.05986E-06,1.52155E-05
329400,5.09289E-06,5.05986E-06,3.55027E-05
330300,1.01858E-05,0,2.53591E-05
331200,0,1.01197E-05,1.52155E-05
332100,5.09289E-06,1.01197E-05,3.55027E-05
333000,0,1.01197E-05,0
333900,6.11147E-05,5.05986E-06,1.01436E-05
334800,0,3.03591E-05,2.53591E-05
335700,4.07432E-05,1.01197E-05,5.07182E-06
336600,5.09289E-05,1.51796E-05,1.01436E-05
337500,1.52787E-05,0,3.55027E-05
338400,4.5836E-05,1.01197E-05,1.52155E-05
339300,5.09289E-05,3.03591E-05,2.53591E-05
340200,1.52787E-05,0,1.52155E-05
341100,5.09289E-06,1.01197E-05,1.01436E-05
342000,1.52787E-05,5.05986E-06,0
342900,2.03716E-05,5.05986E-06,3.04309E-05
343800,1.01858E-05,5.05986E-06,1.01436E-05
344700,1.01858E-05,5.05986E-06,5.07182E-06
345600,0.001925114,0.001856968,0.002464903
346500,5.09289E-06,4.55387E-05,3.04309E-05
347400,1.52787E-05,5.56584E-05,0
348300,1.01858E-05,0,2.53591E-05
349200,0,5.05986E-06,0
350100,1.01858E-05,5.05986E-06,5.07182E-06
351000,2.03716E-05,5.05986E-06,0
351900,0,2.52993E-05,1.52155E-05
352800,1.52787E-05,5.05986E-06,2.53591E-05
353700,6.62076E-05,5.05986E-06,1.52155E-05
354600,2.54645E-05,2.52993E-05,5.07182E-06
355500,5.60218E-05,2.02394E-05,1.52155E-05
356400,5.09289E-06,3.5419E-05,5.07182E-06
357300,1.01858E-05,1.51796E-05,5.07182E-06
358200,0,2.02394E-05,1.01436E-05
359100,1.01858E-05,1.01197E-05,2.02873E-05
360000,9.16721E-05,0.000328891,0.000116652
360900,1.01858E-05,3.5419E-05,0
361800,1.01858E-05,2.52993E-05,2.02873E-05
362700,1.01858E-05,2.52993E-05,1.52155E-05
363600,6.62076E-05,1.51796E-05,9.12927E-05
364500,4.5836E-05,1.51796E-05,1.01436E-05
365400,1.01858E-05,3.03591E-05,5.07182E-06
366300,1.01858E-05,5.05986E-05,1.01436E-05
367200,2.03716E-05,3.03591E-05,0
368100,1.01858E-05,3.03591E-05,1.01436E-05
369000,1.01858E-05,5.05986E-06,1.01436E-05
369900,5.09289E-06,5.05986E-06,1.52155E-05
370800,1.01858E-05,1.51796E-05,1.52155E-05
371700,3.05574E-05,1.51796E-05,1.01436E-05
372600,0,4.04789E-05,1.52155E-05
373500,1.01858E-05,0.000156856,1.52155E-05
374400,3.05574E-05,5.05986E-06,5.07182E-06
375300,1.01858E-05,3.03591E-05,1.01436E-05
376200,1.01858E-05,1.51796E-05,1.52155E-05
377100,4.07432E-05,0,5.07182E-06
378000,3.05574E-05,3.03591E-05,0.00011158
378900,1.52787E-05,1.01197E-05,1.52155E-05
379800,1.01858E-05,2.52993E-05,1.01436E-05
380700,3.05574E-05,5.05986E-06,1.01436E-05
381600,0,0,0
382500,2.54645E-05,5.05986E-06,5.07182E-06
383400,0,5.05986E-06,0
384300,5.09289E-06,5.05986E-06,3.55027E-05
385200,5.09289E-06,4.04789E-05,1.01436E-05
386100,5.09289E-06,5.05986E-06,5.07182E-06
387000,1.01858E-05,1.51796E-05,1.01436E-05
387900,5.09289E-06,1.01197E-05,1.52155E-05
388800,0,5.05986E-06,1.01436E-05
389700,1.01858E-05,2.02394E-05,1.52155E-05
390600,1.01858E-05,1.01197E-05,2.02873E-05
391500,9.6765E-05,1.51796E-05,5.07182E-06
392400,6.11147E-05,1.51796E-05,1.52155E-05
393300,3.05574E-05,2.02394E-05,5.07182E-06
394200,5.09289E-06,1.01197E-05,1.01436E-05
395100,5.09289E-06,1.01197E-05,6.59336E-05
396000,1.01858E-05,1.51796E-05,1.01436E-05
396900,0,1.01197E-05,1.52155E-05
397800,5.09289E-06,6.57782E-05,1.52155E-05
398700,5.09289E-06,3.03591E-05,1.01436E-05
399600,1.52787E-05,5.05986E-06,3.04309E-05
400500,5.09289E-05,2.02394E-05,5.07182E-06
401400,0,2.02394E-05,5.07182E-06
402300,1.52787E-05,1.51796E-05,5.07182E-06
403200,1.52787E-05,1.01197E-05,5.07182E-06
404100,3.56503E-05,0.000106257,0
405000,1.52787E-05,5.05986E-06,1.52155E-05
405900,5.09289E-06,1.51796E-05,5.07182E-06
406800,1.52787E-05,2.02394E-05,1.01436E-05
407700,1.52787E-05,5.05986E-06,0
408600,0,0,1.52155E-05
409500,5.09289E-06,1.01197E-05,5.07182E-06
410400,1.52787E-05,5.05986E-06,2.53591E-05
411300,4.07432E-05,1.51796E-05,5.07182E-06
412200,4.5836E-05,1.51796E-05,2.53591E-05
413100,3.56503E-05,1.01197E-05,0.000131867
414000,2.03716E-05,6.07183E-05,3.04309E-05
414900,1.52787E-05,1.51796E-05,5.07182E-06
415800,1.01858E-05,1.51796E-05,3.04309E-05
416700,2.54645E-05,5.05986E-06,1.52155E-05
417600,5.09289E-05,5.05986E-06,1.52155E-05
418500,2.54645E-05,1.01197E-05,4.56464E-05
419400,2.03716E-05,1.01197E-05,2.02873E-05
420300,3.05574E-05,5.05986E-06,1.01436E-05
421200,2.54645E-05,2.52993E-05,1.01436E-05
422100,1.52787E-05,5.05986E-06,5.07182E-06
423000,1.52787E-05,1.51796E-05,0
423900,5.09289E-06,1.51796E-05,3.55027E-05
424800,0,2.02394E-05,1.01436E-05
425700,1.01858E-05,3.03591E-05,0
426600,2.03716E-05,0,2.02873E-05
427500,0,4.55387E-05,5.07182E-06
428400,6.11147E-05,1.51796E-05,5.07182E-06
429300,2.54645E-05,1.01197E-05,2.53591E-05
430200,5.09289E-06,1.01197E-05,5.07182E-06
431100,2.03716E-05,0,1.01436E-05
432000,0.004583605,0.003425524,0.003022803
432900,1.01858E-05,0,1.52155E-05
433800,1.01858E-05,1.51796E-05,1.01436E-05
434700,2.54645E-05,2.52993E-05,1.01436E-05
435600,1.01858E-05,1.51796E-05,2.53591E-05
436500,0,1.51796E-05,2.02873E-05
437400,5.09289E-06,1.51796E-05,1.52155E-05
438300,2.03716E-05,5.05986E-06,1.52155E-05
439200,1.52787E-05,1.01197E-05,0
440100,1.01858E-05,5.05986E-06,0.000309381
441000,3.05574E-05,1.51796E-05,5.07182E-06
441900,1.01858E-05,0,1.01436E-05
442800,0,0,1.52155E-05
443700,5.09289E-06,3.03591E-05,0
444600,5.09289E-05,1.51796E-05,2.02873E-05
445500,5.60218E-05,5.05986E-06,5.07182E-06
446400,1.01858E-05,1.01197E-05,2.53591E-05
447300,2.54645E-05,0,2.53591E-05
448200,2.54645E-05,0,2.02873E-05
449100,0,2.52993E-05,4.05745E-05
450000,3.05574E-05,1.01197E-05,2.02873E-05
450900,5.09289E-06,2.02394E-05,1.01436E-05
451800,5.09289E-06,1.51796E-05,1.52155E-05
452700,1.52787E-05,7.0838E-05,2.53591E-05
453600,1.52787E-05,6.57782E-05,0
454500,3.56503E-05,6.57782E-05,5.07182E-06
455400,1.01858E-05,1.01197E-05,5.07182E-06
456300,1.52787E-05,2.02394E-05,5.07182E-06
457200,3.56503E-05,2.02394E-05,5.07182E-06
458100,5.09289E-06,0,0
459000,5.09289E-06,2.02394E-05,1.52155E-05
459900,2.54645E-05,1.51796E-05,1.01436E-05
460800,3.56503E-05,5.05986E-06,1.52155E-05
461700,3.05574E-05,5.05986E-05,1.52155E-05
462600,5.09289E-06,1.01197E-05,5.07182E-06
463500,2.03716E-05,0,1.01436E-05
464400,2.03716E-05,0,2.02873E-05
465300,0,2.02394E-05,1.01436E-05
466200,2.03716E-05,2.52993E-05,1.52155E-05
467100,1.52787E-05,2.52993E-05,2.02873E-05
468000,1.52787E-05,1.01197E-05,0
468900,1.52787E-05,1.51796E-05,2.02873E-05
469800,0,4.04789E-05,5.07182E-06
470700,5.09289E-06,2.02394E-05,5.07182E-06
471600,5.09289E-06,3.03591E-05,3.04309E-05
472500,5.09289E-06,0,5.07182E-06
473400,5.09289E-06,1.51796E-05,1.52155E-05
474300,1.01858E-05,2.02394E-05,0
475200,1.01858E-05,5.05986E-06,0
476100,5.09289E-06,1.51796E-05,3.04309E-05
477000,5.09289E-06,1.01197E-05,1.01436E-05
477900,1.01858E-05,2.52993E-05,5.07182E-06
478800,0,1.01197E-05,5.07182E-06
479700,0.000117137,1.51796E-05,3.04309E-05
480600,2.03716E-05,1.01197E-05,1.52155E-05
481500,6.62076E-05,1.01197E-05,1.52155E-05
482400,1.01858E-05,1.01197E-05,5.07182E-06
483300,5.09289E-06,0,1.01436E-05
484200,5.09289E-06,1.01197E-05,1.01436E-05
485100,5.09289E-06,3.03591E-05,5.07182E-06
486000,1.52787E-05,5.05986E-06,2.53591E-05
486900,3.05574E-05,0.000182155,5.07182E-06
487800,2.03716E-05,1.01197E-05,1.01436E-05
488700,2.03716E-05,2.02394E-05,2.02873E-05
489600,5.09289E-06,2.52993E-05,1.52155E-05
490500,1.52787E-05,0,5.07182E-06
491400,1.01858E-05,1.01197E-05,1.01436E-05
492300,2.03716E-05,1.51796E-05,1.52155E-05
493200,5.09289E-06,1.01197E-05,1.01436E-05
494100,0,5.05986E-06,0
495000,2.03716E-05,0,3.04309E-05
495900,2.03716E-05,5.05986E-06,1.52155E-05
496800,2.03716E-05,2.02394E-05,1.01436E-05
497700,1.52787E-05,1.01197E-05,2.53591E-05
498600,0,5.05986E-05,5.07182E-06
499500,2.54645E-05,1.01197E-05,1.52155E-05
500400,1.01858E-05,5.05986E-06,5.07182E-06
501300,1.01858E-05,1.01197E-05,2.02873E-05
502200,3.05574E-05,1.01197E-05,1.52155E-05
503100,5.09289E-06,0,1.52155E-05
504000,2.03716E-05,1.51796E-05,1.01436E-05
504900,1.52787E-05,5.05986E-06,3.04309E-05
505800,5.09289E-06,2.02394E-05,1.01436E-05
506700,1.01858E-05,0,1.52155E-05
507600,1.01858E-05,3.03591E-05,2.02873E-05
508500,3.05574E-05,3.03591E-05,3.04309E-05
509400,4.07432E-05,4.04789E-05,2.53591E-05
510300,3.56503E-05,1.51796E-05,5.07182E-06
511200,8.65792E-05,3.03591E-05,1.01436E-05
512100,3.05574E-05,5.05986E-06,1.52155E-05
513000,1.52787E-05,2.02394E-05,3.04309E-05
513900,1.01858E-05,0,4.05745E-05
514800,2.54645E-05,3.5419E-05,2.02873E-05
515700,1.52787E-05,2.52993E-05,3.04309E-05
516600,3.56503E-05,5.05986E-05,1.52155E-05
517500,1.01858E-05,3.5419E-05,5.07182E-06
518400,8.65792E-05,0.000212514,0.000136939
519300,3.56503E-05,9.10774E-05,3.55027E-05
520200,1.01858E-05,5.05986E-05,1.52155E-05
521100,1.01858E-05,3.03591E-05,0
522000,2.54645E-05,1.51796E-05,2.02873E-05
522900,6.11147E-05,3.03591E-05,3.04309E-05
523800,1.01858E-05,1.51796E-05,4.05745E-05
524700,3.05574E-05,1.51796E-05,5.07182E-06
525600,4.07432E-05,1.01197E-05,3.04309E-05
526500,5.09289E-06,2.02394E-05,1.52155E-05
527400,1.01858E-05,1.51796E-05,2.02873E-05
528300,2.03716E-05,1.01197E-05,4.05745E-05
529200,3.05574E-05,4.04789E-05,4.56464E-05
530100,1.01858E-05,5.05986E-06,1.01436E-05
531000,3.05574E-05,3.03591E-05,3.55027E-05
531900,2.54645E-05,5.05986E-06,2.53591E-05
532800,0,4.04789E-05,3.04309E-05
533700,5.09289E-06,2.02394E-05,8.62209E-05
534600,2.03716E-05,1.01197E-05,2.02873E-05
535500,5.09289E-06,2.02394E-05,2.02873E-05
536400,1.01858E-05,3.03591E-05,4.05745E-05
537300,3.05574E-05,1.01197E-05,4.05745E-05
538200,2.03716E-05,1.51796E-05,1.01436E-05
539100,1.01858E-05,2.02394E-05,3.04309E-05
540000,4.5836E-05,1.01197E-05,1.52155E-05
540900,4.07432E-05,2.02394E-05,1.52155E-05
541800,2.54645E-05,0,2.53591E-05
542700,2.03716E-05,5.05986E-06,0
543600,1.01858E-05,0,5.07182E-05
544500,3.05574E-05,3.5419E-05,1.01436E-05
545400,0.000341224,1.01197E-05,2.02873E-05
546300,3.56503E-05,3.5419E-05,5.07182E-06
547200,2.03716E-05,1.51796E-05,2.53591E-05
548100,1.52787E-05,0,2.02873E-05
549000,1.01858E-05,5.05986E-06,3.04309E-05
549900,2.54645E-05,5.05986E-06,1.01436E-05
550800,0,1.51796E-05,1.01436E-05
551700,5.09289E-06,0,0
552600,5.09289E-06,0,2.02873E-05
553500,1.01858E-05,1.01197E-05,3.55027E-05
554400,1.01858E-05,1.51796E-05,2.53591E-05
555300,5.09289E-06,1.01197E-05,3.55027E-05
556200,1.52787E-05,5.05986E-06,2.02873E-05
557100,3.05574E-05,1.51796E-05,7.10054E-05
558000,2.03716E-05,1.01197E-05,2.53591E-05
558900,2.03716E-05,1.01197E-05,3.55027E-05
559800,5.09289E-05,2.02394E-05,4.05745E-05
560700,4.07432E-05,2.52993E-05,4.05745E-05
561600,6.62076E-05,2.52993E-05,3.04309E-05
562500,4.07432E-05,5.05986E-06,3.55027E-05
563400,4.07432E-05,3.03591E-05,3.04309E-05
564300,2.54645E-05,1.01197E-05,3.55027E-05
565200,3.05574E-05,2.52993E-05,4.56464E-05
566100,1.01858E-05,2.52993E-05,1.01436E-05
567000,1.52787E-05,1.51796E-05,4.05745E-05
567900,4.07432E-05,3.5419E-05,6.08618E-05
568800,3.56503E-05,5.05986E-06,4.05745E-05
569700,1.52787E-05,0,6.59336E-05
570600,3.05574E-05,2.02394E-05,4.05745E-05
571500,0,5.05986E-06,5.07182E-05
572400,2.54645E-05,1.01197E-05,5.579E-05
573300,2.54645E-05,4.55387E-05,5.07182E-05
574200,1.01858E-05,3.5419E-05,0.000106508
575100,2.03716E-05,4.04789E-05,6.08618E-05
576000,2.54645E-05,4.55387E-05,6.59336E-05
576900,4.5836E-05,4.04789E-05,0.000121724
577800,4.5836E-05,5.05986E-06,0.000202873
578700,1.52787E-05,2.02394E-05,0.000106508
579600,2.03716E-05,2.02394E-05,6.08618E-05
580500,0,2.02394E-05,0.000131867
581400,1.01858E-05,2.52993E-05,4.05745E-05
582300,0,3.03591E-05,6.59336E-05
583200,1.52787E-05,3.5419E-05,0.000101436
584100,3.56503E-05,2.52993E-05,5.07182E-05
585000,2.54645E-05,2.02394E-05,2.02873E-05
585900,2.03716E-05,6.57782E-05,4.05745E-05
586800,5.60218E-05,7.58979E-05,4.56464E-05
587700,2.03716E-05,2.02394E-05,3.04309E-05
588600,5.09289E-06,6.57782E-05,7.10054E-05
589500,1.52787E-05,3.5419E-05,5.07182E-05
590400,1.01858E-05,6.57782E-05,3.04309E-05
591300,4.5836E-05,3.5419E-05,0.000116652
592200,5.09289E-05,3.5419E-05,0.000136939
593100,5.09289E-05,4.55387E-05,8.62209E-05
594000,3.05574E-05,2.02394E-05,6.08618E-05
594900,4.07432E-05,5.56584E-05,7.10054E-05
595800,3.56503E-05,7.58979E-05,9.12927E-05
596700,1.01858E-05,9.61373E-05,0.000142011
597600,5.60218E-05,0.000177095,0.000126795
598500,2.03716E-05,6.57782E-05,0.000131867
599400,5.09289E-05,4.04789E-05,8.62209E-05
600300,5.09289E-05,9.61373E-05,7.10054E-05
601200,4.5836E-05,3.5419E-05,8.62209E-05
602100,2.03716E-05,7.0838E-05,6.59336E-05
603000,6.11147E-05,6.57782E-05,7.10054E-05
603900,6.11147E-05,4.55387E-05,0.000131867
604800,0.081012671,0.079262677,0.087717074
More,0,0,0
